yearID,lgID,teamID,franchID,name,G,W,L,R,RA,ERA,HR,RunDiff,logHR1,logERA,season_date,team_year
2000,AL,ANA,ANA,Anaheim Angels,162,82,80,864,869,5.0,236,-5,5.4680601411351315,1.791759469228055,2000-07-01,ANA_2000
2001,AL,ANA,ANA,Anaheim Angels,162,75,87,691,730,4.2,158,-39,5.0689042022202315,1.6486586255873816,2001-07-01,ANA_2001
2002,AL,ANA,ANA,Anaheim Angels,162,99,63,851,644,3.69,152,207,5.030437921392435,1.5454325824581878,2002-07-01,ANA_2002
2003,AL,ANA,ANA,Anaheim Angels,162,77,85,736,743,4.28,150,-7,5.017279836814924,1.6639260977181702,2003-07-01,ANA_2003
2004,AL,ANA,ANA,Anaheim Angels,162,92,70,836,734,4.28,162,102,5.093750200806762,1.6639260977181702,2004-07-01,ANA_2004
2005,AL,LAA,ANA,Los Angeles Angels of Anaheim,162,95,67,761,643,3.68,147,118,4.997212273764115,1.5432981099295553,2005-07-01,LAA_2005
2006,AL,LAA,ANA,Los Angeles Angels of Anaheim,162,89,73,766,732,4.04,159,34,5.075173815233827,1.6174060820832772,2006-07-01,LAA_2006
2007,AL,LAA,ANA,Los Angeles Angels of Anaheim,162,94,68,822,731,4.23,123,91,4.820281565605037,1.6544112780768316,2007-07-01,LAA_2007
2008,AL,LAA,ANA,Los Angeles Angels of Anaheim,162,100,62,765,697,3.99,159,68,5.075173815233827,1.6074359097634274,2008-07-01,LAA_2008
2009,AL,LAA,ANA,Los Angeles Angels of Anaheim,162,97,65,883,761,4.45,173,122,5.159055299214529,1.6956156086751528,2009-07-01,LAA_2009
2010,AL,LAA,ANA,Los Angeles Angels of Anaheim,162,80,82,681,702,4.04,155,-21,5.049856007249537,1.6174060820832772,2010-07-01,LAA_2010
2011,AL,LAA,ANA,Los Angeles Angels of Anaheim,162,86,76,667,633,3.57,155,34,5.049856007249537,1.5195132049061133,2011-07-01,LAA_2011
2012,AL,LAA,ANA,Los Angeles Angels of Anaheim,162,89,73,767,699,4.02,187,68,5.236441962829949,1.6134299337036377,2012-07-01,LAA_2012
2013,AL,LAA,ANA,Los Angeles Angels of Anaheim,162,78,84,733,737,4.23,164,-4,5.10594547390058,1.6544112780768316,2013-07-01,LAA_2013
2014,AL,LAA,ANA,Los Angeles Angels of Anaheim,162,98,64,773,630,3.58,155,143,5.049856007249537,1.5216989981260935,2014-07-01,LAA_2014
2015,AL,LAA,ANA,Los Angeles Angels of Anaheim,162,85,77,661,675,3.94,176,-14,5.176149732573829,1.597365331199831,2015-07-01,LAA_2015
2016,AL,LAA,ANA,Los Angeles Angels of Anaheim,162,74,88,717,727,4.28,156,-10,5.056245805348308,1.6639260977181702,2016-07-01,LAA_2016
2017,AL,LAA,ANA,Los Angeles Angels of Anaheim,162,80,82,710,709,4.2,186,1,5.231108616854587,1.6486586255873816,2017-07-01,LAA_2017
2018,AL,LAA,ANA,Los Angeles Angels of Anaheim,162,80,82,721,722,4.15,214,-1,5.3706380281276624,1.6389967146756448,2018-07-01,LAA_2018
2019,AL,LAA,ANA,Los Angeles Angels of Anaheim,162,72,90,769,868,5.12,220,-99,5.3981627015177525,1.8115620965242347,2019-07-01,LAA_2019
2000,NL,ARI,ARI,Arizona Diamondbacks,162,85,77,792,754,4.35,179,38,5.19295685089021,1.6770965609079151,2000-07-01,ARI_2000
2001,NL,ARI,ARI,Arizona Diamondbacks,162,92,70,818,677,3.87,208,141,5.342334251964811,1.5830939370944985,2001-07-01,ARI_2001
2002,NL,ARI,ARI,Arizona Diamondbacks,162,98,64,819,674,3.92,165,145,5.111987788356544,1.5933085305042167,2002-07-01,ARI_2002
2003,NL,ARI,ARI,Arizona Diamondbacks,162,84,78,717,685,3.84,152,32,5.030437921392435,1.5769147207285403,2003-07-01,ARI_2003
2004,NL,ARI,ARI,Arizona Diamondbacks,162,51,111,615,899,4.98,135,-284,4.912654885736052,1.7884205679625405,2004-07-01,ARI_2004
2005,NL,ARI,ARI,Arizona Diamondbacks,162,77,85,696,856,4.84,191,-160,5.2574953720277815,1.7647307968401356,2005-07-01,ARI_2005
2006,NL,ARI,ARI,Arizona Diamondbacks,162,76,86,773,788,4.48,160,-15,5.081404364984463,1.7011051009599243,2006-07-01,ARI_2006
2007,NL,ARI,ARI,Arizona Diamondbacks,162,90,72,712,732,4.13,171,-20,5.147494476813453,1.6351056591826783,2007-07-01,ARI_2007
2008,NL,ARI,ARI,Arizona Diamondbacks,162,82,80,720,706,3.98,159,14,5.075173815233827,1.6054298910365616,2008-07-01,ARI_2008
2009,NL,ARI,ARI,Arizona Diamondbacks,162,70,92,720,782,4.42,173,-62,5.159055299214529,1.6900958154515549,2009-07-01,ARI_2009
2010,NL,ARI,ARI,Arizona Diamondbacks,162,65,97,713,836,4.81,180,-123,5.198497031265826,1.7595805708638197,2010-07-01,ARI_2010
2011,NL,ARI,ARI,Arizona Diamondbacks,162,94,68,731,662,3.8,172,69,5.153291594497779,1.5686159179138452,2011-07-01,ARI_2011
2012,NL,ARI,ARI,Arizona Diamondbacks,162,81,81,734,688,3.93,165,46,5.111987788356544,1.5953389880545987,2012-07-01,ARI_2012
2013,NL,ARI,ARI,Arizona Diamondbacks,162,81,81,685,695,3.92,130,-10,4.875197323201151,1.5933085305042167,2013-07-01,ARI_2013
2014,NL,ARI,ARI,Arizona Diamondbacks,162,64,98,615,742,4.26,118,-127,4.77912349311153,1.6601310267496185,2014-07-01,ARI_2014
2015,NL,ARI,ARI,Arizona Diamondbacks,162,79,83,720,713,4.04,154,7,5.043425116919247,1.6174060820832772,2015-07-01,ARI_2015
2016,NL,ARI,ARI,Arizona Diamondbacks,162,69,93,752,890,5.09,190,-138,5.25227342804663,1.8066480817218056,2016-07-01,ARI_2016
2017,NL,ARI,ARI,Arizona Diamondbacks,162,93,69,812,659,3.66,220,153,5.3981627015177525,1.5390154481375546,2017-07-01,ARI_2017
2018,NL,ARI,ARI,Arizona Diamondbacks,162,82,80,693,644,3.72,176,49,5.176149732573829,1.551808799597464,2018-07-01,ARI_2018
2019,NL,ARI,ARI,Arizona Diamondbacks,162,85,77,813,743,4.25,220,70,5.3981627015177525,1.6582280766035324,2019-07-01,ARI_2019
2000,NL,ATL,ATL,Atlanta Braves,162,95,67,810,714,4.05,179,96,5.19295685089021,1.6193882432872684,2000-07-01,ATL_2000
2001,NL,ATL,ATL,Atlanta Braves,162,88,74,729,643,3.59,174,86,5.1647859739235145,1.5238800240724537,2001-07-01,ATL_2001
2002,NL,ATL,ATL,Atlanta Braves,161,101,59,708,565,3.13,164,143,5.10594547390058,1.4182774069729414,2002-07-01,ATL_2002
2003,NL,ATL,ATL,Atlanta Braves,162,101,61,907,740,4.1,235,167,5.4638318050256105,1.62924053973028,2003-07-01,ATL_2003
2004,NL,ATL,ATL,Atlanta Braves,162,96,66,803,668,3.74,178,135,5.187385805840755,1.556037135706985,2004-07-01,ATL_2004
2005,NL,ATL,ATL,Atlanta Braves,162,90,72,769,674,3.98,184,95,5.220355825078324,1.6054298910365616,2005-07-01,ATL_2005
2006,NL,ATL,ATL,Atlanta Braves,162,79,83,849,805,4.6,222,44,5.407171771460119,1.7227665977411035,2006-07-01,ATL_2006
2007,NL,ATL,ATL,Atlanta Braves,162,84,78,810,733,4.11,176,77,5.176149732573829,1.631199404215613,2007-07-01,ATL_2007
2008,NL,ATL,ATL,Atlanta Braves,162,72,90,753,778,4.46,130,-25,4.875197323201151,1.6974487897568136,2008-07-01,ATL_2008
2009,NL,ATL,ATL,Atlanta Braves,162,86,76,735,641,3.57,149,94,5.0106352940962555,1.5195132049061133,2009-07-01,ATL_2009
2010,NL,ATL,ATL,Atlanta Braves,162,91,71,738,629,3.56,139,109,4.941642422609304,1.5173226235262949,2010-07-01,ATL_2010
2011,NL,ATL,ATL,Atlanta Braves,162,89,73,641,605,3.48,173,36,5.159055299214529,1.4996230464268938,2011-07-01,ATL_2011
2012,NL,ATL,ATL,Atlanta Braves,162,94,68,700,600,3.42,149,100,5.0106352940962555,1.4861396960896067,2012-07-01,ATL_2012
2013,NL,ATL,ATL,Atlanta Braves,162,96,66,688,548,3.18,181,140,5.204006687076795,1.430311246536665,2013-07-01,ATL_2013
2014,NL,ATL,ATL,Atlanta Braves,162,79,83,573,597,3.38,123,-24,4.820281565605037,1.4770487243883548,2014-07-01,ATL_2014
2015,NL,ATL,ATL,Atlanta Braves,162,67,95,573,760,4.41,100,-187,4.61512051684126,1.6882490928583902,2015-07-01,ATL_2015
2016,NL,ATL,ATL,Atlanta Braves,161,68,93,649,779,4.51,122,-130,4.812184355372417,1.706564623164823,2016-07-01,ATL_2016
2017,NL,ATL,ATL,Atlanta Braves,162,72,90,732,821,4.72,165,-89,5.111987788356544,1.7439688053917064,2017-07-01,ATL_2017
2018,NL,ATL,ATL,Atlanta Braves,162,90,72,759,657,3.75,175,102,5.170483995038151,1.55814461804655,2018-07-01,ATL_2018
2019,NL,ATL,ATL,Atlanta Braves,162,97,65,855,743,4.19,249,112,5.521460917862246,1.6467336971777973,2019-07-01,ATL_2019
2000,AL,BAL,BAL,Baltimore Orioles,162,74,88,794,913,5.37,184,-119,5.220355825078324,1.851599469584072,2000-07-01,BAL_2000
2001,AL,BAL,BAL,Baltimore Orioles,162,63,98,687,829,4.67,136,-142,4.919980925828125,1.7351891177396608,2001-07-01,BAL_2001
2002,AL,BAL,BAL,Baltimore Orioles,162,67,95,667,773,4.46,165,-106,5.111987788356544,1.6974487897568136,2002-07-01,BAL_2002
2003,AL,BAL,BAL,Baltimore Orioles,163,71,91,743,820,4.76,152,-77,5.030437921392435,1.7509374747078,2003-07-01,BAL_2003
2004,AL,BAL,BAL,Baltimore Orioles,162,78,84,842,830,4.7,169,12,5.135798437050262,1.7404661748405046,2004-07-01,BAL_2004
2005,AL,BAL,BAL,Baltimore Orioles,162,74,88,729,800,4.56,189,-71,5.247024072160486,1.715598108262491,2005-07-01,BAL_2005
2006,AL,BAL,BAL,Baltimore Orioles,162,70,92,768,899,5.35,164,-131,5.10594547390058,1.8484548129046001,2006-07-01,BAL_2006
2007,AL,BAL,BAL,Baltimore Orioles,162,69,93,756,868,5.17,142,-112,4.962844630259907,1.8196988379172965,2007-07-01,BAL_2007
2008,AL,BAL,BAL,Baltimore Orioles,161,68,93,782,869,5.13,172,-87,5.153291594497779,1.81319474994812,2008-07-01,BAL_2008
2009,AL,BAL,BAL,Baltimore Orioles,162,64,98,741,876,5.15,160,-135,5.081404364984463,1.8164520818184267,2009-07-01,BAL_2009
2010,AL,BAL,BAL,Baltimore Orioles,162,66,96,613,785,4.59,133,-172,4.897839799950911,1.7209792871670078,2010-07-01,BAL_2010
2011,AL,BAL,BAL,Baltimore Orioles,162,69,93,708,860,4.89,191,-152,5.2574953720277815,1.7732559976634952,2011-07-01,BAL_2011
2012,AL,BAL,BAL,Baltimore Orioles,162,93,69,712,705,3.9,214,7,5.3706380281276624,1.589235205116581,2012-07-01,BAL_2012
2013,AL,BAL,BAL,Baltimore Orioles,162,85,77,745,709,4.2,212,36,5.3612921657094255,1.6486586255873816,2013-07-01,BAL_2013
2014,AL,BAL,BAL,Baltimore Orioles,162,96,66,705,593,3.43,211,112,5.356586274672012,1.4883995840570443,2014-07-01,BAL_2014
2015,AL,BAL,BAL,Baltimore Orioles,162,81,81,713,693,4.05,217,20,5.384495062789089,1.6193882432872684,2015-07-01,BAL_2015
2016,AL,BAL,BAL,Baltimore Orioles,162,89,73,744,715,4.22,253,29,5.537334267018537,1.6524974018945473,2016-07-01,BAL_2016
2017,AL,BAL,BAL,Baltimore Orioles,162,75,87,743,841,4.97,232,-98,5.4510384535657,1.7867469274045107,2017-07-01,BAL_2017
2018,AL,BAL,BAL,Baltimore Orioles,162,47,115,622,892,5.18,188,-270,5.241747015059643,1.8213182714695995,2018-07-01,BAL_2018
2019,AL,BAL,BAL,Baltimore Orioles,162,54,108,729,981,5.59,213,-252,5.365976015021851,1.8855533485144158,2019-07-01,BAL_2019
2000,AL,BOS,BOS,Boston Red Sox,162,85,77,792,745,4.23,167,47,5.123963979403259,1.6544112780768316,2000-07-01,BOS_2000
2001,AL,BOS,BOS,Boston Red Sox,161,82,79,772,745,4.15,198,27,5.293304824724492,1.6389967146756448,2001-07-01,BOS_2001
2002,AL,BOS,BOS,Boston Red Sox,162,93,69,859,665,3.75,177,194,5.181783550292085,1.55814461804655,2002-07-01,BOS_2002
2003,AL,BOS,BOS,Boston Red Sox,162,95,67,961,809,4.48,238,152,5.476463551931511,1.7011051009599243,2003-07-01,BOS_2003
2004,AL,BOS,BOS,Boston Red Sox,162,98,64,949,768,4.18,222,181,5.407171771460119,1.6448050562713916,2004-07-01,BOS_2004
2005,AL,BOS,BOS,Boston Red Sox,162,95,67,910,805,4.74,199,105,5.298317366548036,1.747459210331475,2005-07-01,BOS_2005
2006,AL,BOS,BOS,Boston Red Sox,162,86,76,820,825,4.83,192,-5,5.262690188904886,1.763017000362401,2006-07-01,BOS_2006
2007,AL,BOS,BOS,Boston Red Sox,162,96,66,867,657,3.87,166,210,5.117993812416755,1.5830939370944985,2007-07-01,BOS_2007
2008,AL,BOS,BOS,Boston Red Sox,162,95,67,845,694,4.01,173,151,5.159055299214529,1.6114359150967734,2008-07-01,BOS_2008
2009,AL,BOS,BOS,Boston Red Sox,162,95,67,872,736,4.35,212,136,5.3612921657094255,1.6770965609079151,2009-07-01,BOS_2009
2010,AL,BOS,BOS,Boston Red Sox,162,89,73,818,744,4.2,211,74,5.356586274672012,1.6486586255873816,2010-07-01,BOS_2010
2011,AL,BOS,BOS,Boston Red Sox,162,90,72,875,737,4.2,203,138,5.318119993844216,1.6486586255873816,2011-07-01,BOS_2011
2012,AL,BOS,BOS,Boston Red Sox,162,69,93,734,806,4.7,165,-72,5.111987788356544,1.7404661748405046,2012-07-01,BOS_2012
2013,AL,BOS,BOS,Boston Red Sox,162,97,65,853,656,3.79,178,197,5.187385805840755,1.5665304114228238,2013-07-01,BOS_2013
2014,AL,BOS,BOS,Boston Red Sox,162,71,91,634,715,4.01,123,-81,4.820281565605037,1.6114359150967734,2014-07-01,BOS_2014
2015,AL,BOS,BOS,Boston Red Sox,162,78,84,748,753,4.31,161,-5,5.087596335232384,1.6695918352538475,2015-07-01,BOS_2015
2016,AL,BOS,BOS,Boston Red Sox,162,93,69,878,694,4.0,208,184,5.342334251964811,1.6094379124341003,2016-07-01,BOS_2016
2017,AL,BOS,BOS,Boston Red Sox,162,93,69,785,668,3.7,168,117,5.1298987149230735,1.547562508716013,2017-07-01,BOS_2017
2018,AL,BOS,BOS,Boston Red Sox,162,108,54,876,647,3.75,208,229,5.342334251964811,1.55814461804655,2018-07-01,BOS_2018
2019,AL,BOS,BOS,Boston Red Sox,162,84,78,901,828,4.7,245,73,5.5053315359323625,1.7404661748405046,2019-07-01,BOS_2019
2000,NL,CHN,CHC,Chicago Cubs,162,65,97,764,904,5.25,183,-140,5.214935757608986,1.8325814637483102,2000-07-01,CHN_2000
2001,NL,CHN,CHC,Chicago Cubs,162,88,74,777,701,4.03,194,76,5.272999558563747,1.6154199841116479,2001-07-01,CHN_2001
2002,NL,CHN,CHC,Chicago Cubs,162,67,95,706,759,4.29,200,-53,5.303304908059076,1.665818245870208,2002-07-01,CHN_2002
2003,NL,CHN,CHC,Chicago Cubs,162,88,74,724,683,3.83,172,41,5.153291594497779,1.5748464676644813,2003-07-01,CHN_2003
2004,NL,CHN,CHC,Chicago Cubs,162,89,73,789,665,3.81,235,124,5.4638318050256105,1.57069708411767,2004-07-01,CHN_2004
2005,NL,CHN,CHC,Chicago Cubs,162,79,83,703,714,4.19,194,-11,5.272999558563747,1.6467336971777973,2005-07-01,CHN_2005
2006,NL,CHN,CHC,Chicago Cubs,162,66,96,716,834,4.74,166,-118,5.117993812416755,1.747459210331475,2006-07-01,CHN_2006
2007,NL,CHN,CHC,Chicago Cubs,162,85,77,752,690,4.04,151,62,5.0238805208462765,1.6174060820832772,2007-07-01,CHN_2007
2008,NL,CHN,CHC,Chicago Cubs,161,97,64,855,671,3.87,184,184,5.220355825078324,1.5830939370944985,2008-07-01,CHN_2008
2009,NL,CHN,CHC,Chicago Cubs,161,83,78,707,672,3.84,161,35,5.087596335232384,1.5769147207285403,2009-07-01,CHN_2009
2010,NL,CHN,CHC,Chicago Cubs,162,75,87,685,767,4.18,149,-82,5.0106352940962555,1.6448050562713916,2010-07-01,CHN_2010
2011,NL,CHN,CHC,Chicago Cubs,162,71,91,654,756,4.33,148,-102,5.003946305945459,1.673351238177753,2011-07-01,CHN_2011
2012,NL,CHN,CHC,Chicago Cubs,162,61,101,613,759,4.51,137,-146,4.927253685157205,1.706564623164823,2012-07-01,CHN_2012
2013,NL,CHN,CHC,Chicago Cubs,162,66,96,602,689,4.0,172,-87,5.153291594497779,1.6094379124341003,2013-07-01,CHN_2013
2014,NL,CHN,CHC,Chicago Cubs,162,73,89,614,707,3.91,157,-93,5.062595033026967,1.5912739418064292,2014-07-01,CHN_2014
2015,NL,CHN,CHC,Chicago Cubs,162,97,65,689,608,3.36,171,81,5.147494476813453,1.4724720573609429,2015-07-01,CHN_2015
2016,NL,CHN,CHC,Chicago Cubs,162,103,58,808,556,3.15,199,252,5.298317366548036,1.423108334242607,2016-07-01,CHN_2016
2017,NL,CHN,CHC,Chicago Cubs,162,92,70,822,695,3.95,223,127,5.4116460518550396,1.599387576580599,2017-07-01,CHN_2017
2018,NL,CHN,CHC,Chicago Cubs,163,95,68,761,645,3.65,167,116,5.123963979403259,1.536867219599265,2018-07-01,CHN_2018
2019,NL,CHN,CHC,Chicago Cubs,162,84,78,814,717,4.1,256,97,5.54907608489522,1.62924053973028,2019-07-01,CHN_2019
2000,AL,CHA,CHW,Chicago White Sox,162,95,67,978,839,4.66,216,139,5.37989735354046,1.7334238922150915,2000-07-01,CHA_2000
2001,AL,CHA,CHW,Chicago White Sox,162,83,79,798,795,4.55,214,3,5.3706380281276624,1.713797927758343,2001-07-01,CHA_2001
2002,AL,CHA,CHW,Chicago White Sox,162,81,81,856,798,4.53,217,58,5.384495062789089,1.7101878155342434,2002-07-01,CHA_2002
2003,AL,CHA,CHW,Chicago White Sox,162,86,76,791,715,4.17,220,76,5.3981627015177525,1.6428726885203377,2003-07-01,CHA_2003
2004,AL,CHA,CHW,Chicago White Sox,162,83,79,865,831,4.91,242,34,5.493061443340548,1.776645831418007,2004-07-01,CHA_2004
2005,AL,CHA,CHW,Chicago White Sox,162,99,63,741,645,3.61,200,96,5.303304908059076,1.528227857008557,2005-07-01,CHA_2005
2006,AL,CHA,CHW,Chicago White Sox,162,90,72,868,794,4.61,236,74,5.4680601411351315,1.724550719534605,2006-07-01,CHA_2006
2007,AL,CHA,CHW,Chicago White Sox,162,72,90,693,839,4.77,190,-146,5.25227342804663,1.7526720805200082,2007-07-01,CHA_2007
2008,AL,CHA,CHW,Chicago White Sox,163,89,74,811,729,4.06,235,82,5.4638318050256105,1.6213664832993742,2008-07-01,CHA_2008
2009,AL,CHA,CHW,Chicago White Sox,162,79,83,724,732,4.14,184,-8,5.220355825078324,1.6370530794670737,2009-07-01,CHA_2009
2010,AL,CHA,CHW,Chicago White Sox,162,88,74,752,704,4.09,177,48,5.181783550292085,1.6272778305624314,2010-07-01,CHA_2010
2011,AL,CHA,CHW,Chicago White Sox,162,79,83,654,706,4.1,154,-52,5.043425116919247,1.62924053973028,2011-07-01,CHA_2011
2012,AL,CHA,CHW,Chicago White Sox,162,85,77,748,676,4.02,211,72,5.356586274672012,1.6134299337036377,2012-07-01,CHA_2012
2013,AL,CHA,CHW,Chicago White Sox,162,63,99,598,723,3.98,148,-125,5.003946305945459,1.6054298910365616,2013-07-01,CHA_2013
2014,AL,CHA,CHW,Chicago White Sox,162,73,89,660,758,4.29,155,-98,5.049856007249537,1.665818245870208,2014-07-01,CHA_2014
2015,AL,CHA,CHW,Chicago White Sox,162,76,86,622,701,3.98,136,-79,4.919980925828125,1.6054298910365616,2015-07-01,CHA_2015
2016,AL,CHA,CHW,Chicago White Sox,162,78,84,686,715,4.1,168,-29,5.1298987149230735,1.62924053973028,2016-07-01,CHA_2016
2017,AL,CHA,CHW,Chicago White Sox,162,67,95,706,820,4.78,186,-114,5.231108616854587,1.7544036826842861,2017-07-01,CHA_2017
2018,AL,CHA,CHW,Chicago White Sox,162,62,100,656,848,4.83,182,-192,5.209486152841421,1.763017000362401,2018-07-01,CHA_2018
2019,AL,CHA,CHW,Chicago White Sox,161,72,89,708,832,4.9,182,-124,5.209486152841421,1.7749523509116738,2019-07-01,CHA_2019
2000,NL,CIN,CIN,Cincinnati Reds,163,85,77,825,765,4.33,200,60,5.303304908059076,1.673351238177753,2000-07-01,CIN_2000
2001,NL,CIN,CIN,Cincinnati Reds,162,66,96,735,850,4.77,176,-115,5.176149732573829,1.7526720805200082,2001-07-01,CIN_2001
2002,NL,CIN,CIN,Cincinnati Reds,162,78,84,709,774,4.27,169,-65,5.135798437050262,1.6620303625532709,2002-07-01,CIN_2002
2003,NL,CIN,CIN,Cincinnati Reds,162,69,93,694,886,5.09,182,-192,5.209486152841421,1.8066480817218056,2003-07-01,CIN_2003
2004,NL,CIN,CIN,Cincinnati Reds,162,76,86,750,907,5.19,194,-157,5.272999558563747,1.8229350866965048,2004-07-01,CIN_2004
2005,NL,CIN,CIN,Cincinnati Reds,163,73,89,820,889,5.15,222,-69,5.407171771460119,1.8164520818184267,2005-07-01,CIN_2005
2006,NL,CIN,CIN,Cincinnati Reds,162,80,82,749,801,4.51,217,-52,5.384495062789089,1.706564623164823,2006-07-01,CIN_2006
2007,NL,CIN,CIN,Cincinnati Reds,162,72,90,783,853,4.94,204,-70,5.3230099791384085,1.7817091333745536,2007-07-01,CIN_2007
2008,NL,CIN,CIN,Cincinnati Reds,162,74,88,704,800,4.55,187,-96,5.236441962829949,1.713797927758343,2008-07-01,CIN_2008
2009,NL,CIN,CIN,Cincinnati Reds,162,78,84,673,723,4.18,158,-50,5.0689042022202315,1.6448050562713916,2009-07-01,CIN_2009
2010,NL,CIN,CIN,Cincinnati Reds,162,91,71,790,685,4.01,188,105,5.241747015059643,1.6114359150967734,2010-07-01,CIN_2010
2011,NL,CIN,CIN,Cincinnati Reds,162,79,83,735,720,4.16,183,15,5.214935757608986,1.6409365794934714,2011-07-01,CIN_2011
2012,NL,CIN,CIN,Cincinnati Reds,162,97,65,669,588,3.34,172,81,5.153291594497779,1.4678743481123135,2012-07-01,CIN_2012
2013,NL,CIN,CIN,Cincinnati Reds,162,90,72,698,589,3.38,155,109,5.049856007249537,1.4770487243883548,2013-07-01,CIN_2013
2014,NL,CIN,CIN,Cincinnati Reds,162,76,86,595,612,3.59,131,-17,4.882801922586371,1.5238800240724537,2014-07-01,CIN_2014
2015,NL,CIN,CIN,Cincinnati Reds,162,64,98,640,754,4.33,167,-114,5.123963979403259,1.673351238177753,2015-07-01,CIN_2015
2016,NL,CIN,CIN,Cincinnati Reds,162,68,94,716,854,4.91,164,-138,5.10594547390058,1.776645831418007,2016-07-01,CIN_2016
2017,NL,CIN,CIN,Cincinnati Reds,162,68,94,753,869,5.17,219,-116,5.393627546352362,1.8196988379172965,2017-07-01,CIN_2017
2018,NL,CIN,CIN,Cincinnati Reds,162,67,95,696,819,4.63,172,-123,5.153291594497779,1.728109442151599,2018-07-01,CIN_2018
2019,NL,CIN,CIN,Cincinnati Reds,162,75,87,701,711,4.18,227,-10,5.429345628954441,1.6448050562713916,2019-07-01,CIN_2019
2000,AL,CLE,CLE,Cleveland Indians,162,90,72,950,816,4.84,221,134,5.402677381872279,1.7647307968401356,2000-07-01,CLE_2000
2001,AL,CLE,CLE,Cleveland Indians,162,91,71,897,821,4.64,212,76,5.3612921657094255,1.7298840655099674,2001-07-01,CLE_2001
2002,AL,CLE,CLE,Cleveland Indians,162,74,88,739,837,4.91,192,-98,5.262690188904886,1.776645831418007,2002-07-01,CLE_2002
2003,AL,CLE,CLE,Cleveland Indians,162,68,94,699,778,4.21,158,-79,5.0689042022202315,1.6505798557652755,2003-07-01,CLE_2003
2004,AL,CLE,CLE,Cleveland Indians,162,80,82,858,857,4.81,184,1,5.220355825078324,1.7595805708638197,2004-07-01,CLE_2004
2005,AL,CLE,CLE,Cleveland Indians,162,93,69,790,642,3.61,207,148,5.337538079701318,1.528227857008557,2005-07-01,CLE_2005
2006,AL,CLE,CLE,Cleveland Indians,162,78,84,870,782,4.41,196,88,5.2832037287379885,1.6882490928583902,2006-07-01,CLE_2006
2007,AL,CLE,CLE,Cleveland Indians,162,96,66,811,704,4.05,178,107,5.187385805840755,1.6193882432872684,2007-07-01,CLE_2007
2008,AL,CLE,CLE,Cleveland Indians,162,81,81,805,761,4.45,171,44,5.147494476813453,1.6956156086751528,2008-07-01,CLE_2008
2009,AL,CLE,CLE,Cleveland Indians,162,65,97,773,865,5.06,161,-92,5.087596335232384,1.801709800081223,2009-07-01,CLE_2009
2010,AL,CLE,CLE,Cleveland Indians,162,69,93,646,752,4.3,128,-106,4.859812404361672,1.667706820558076,2010-07-01,CLE_2010
2011,AL,CLE,CLE,Cleveland Indians,162,80,82,704,760,4.23,154,-56,5.043425116919247,1.6544112780768316,2011-07-01,CLE_2011
2012,AL,CLE,CLE,Cleveland Indians,162,68,94,667,845,4.78,136,-178,4.919980925828125,1.7544036826842861,2012-07-01,CLE_2012
2013,AL,CLE,CLE,Cleveland Indians,162,92,70,745,662,3.82,171,83,5.147494476813453,1.572773928062509,2013-07-01,CLE_2013
2014,AL,CLE,CLE,Cleveland Indians,162,85,77,669,653,3.56,142,16,4.962844630259907,1.5173226235262949,2014-07-01,CLE_2014
2015,AL,CLE,CLE,Cleveland Indians,161,81,80,669,640,3.67,141,29,4.955827057601261,1.541159071680806,2015-07-01,CLE_2015
2016,AL,CLE,CLE,Cleveland Indians,161,94,67,777,676,3.84,185,101,5.225746673713202,1.5769147207285403,2016-07-01,CLE_2016
2017,AL,CLE,CLE,Cleveland Indians,162,102,60,818,564,3.3,212,254,5.3612921657094255,1.4586150226995167,2017-07-01,CLE_2017
2018,AL,CLE,CLE,Cleveland Indians,162,91,71,818,648,3.77,216,170,5.37989735354046,1.5623463049002497,2018-07-01,CLE_2018
2019,AL,CLE,CLE,Cleveland Indians,162,93,69,769,657,3.76,223,112,5.4116460518550396,1.5602476682433286,2019-07-01,CLE_2019
2000,NL,COL,COL,Colorado Rockies,162,82,80,968,897,5.26,161,71,5.087596335232384,1.8341801851120072,2000-07-01,COL_2000
2001,NL,COL,COL,Colorado Rockies,162,73,89,923,906,5.29,213,17,5.365976015021851,1.8389610707123492,2001-07-01,COL_2001
2002,NL,COL,COL,Colorado Rockies,162,73,89,778,898,5.2,152,-120,5.030437921392435,1.824549292051046,2002-07-01,COL_2002
2003,NL,COL,COL,Colorado Rockies,162,74,88,853,892,5.2,198,-39,5.293304824724492,1.824549292051046,2003-07-01,COL_2003
2004,NL,COL,COL,Colorado Rockies,162,68,94,833,923,5.54,202,-90,5.313205979041787,1.8779371654691073,2004-07-01,COL_2004
2005,NL,COL,COL,Colorado Rockies,162,67,95,740,862,5.13,150,-122,5.017279836814924,1.81319474994812,2005-07-01,COL_2005
2006,NL,COL,COL,Colorado Rockies,162,76,86,813,812,4.66,157,1,5.062595033026967,1.7334238922150915,2006-07-01,COL_2006
2007,NL,COL,COL,Colorado Rockies,163,90,73,860,758,4.32,171,102,5.147494476813453,1.6714733033535532,2007-07-01,COL_2007
2008,NL,COL,COL,Colorado Rockies,162,74,88,747,822,4.77,160,-75,5.081404364984463,1.7526720805200082,2008-07-01,COL_2008
2009,NL,COL,COL,Colorado Rockies,162,92,70,804,715,4.22,190,89,5.25227342804663,1.6524974018945473,2009-07-01,COL_2009
2010,NL,COL,COL,Colorado Rockies,162,83,79,770,717,4.14,173,53,5.159055299214529,1.6370530794670737,2010-07-01,COL_2010
2011,NL,COL,COL,Colorado Rockies,162,73,89,735,774,4.43,163,-39,5.099866427824199,1.691939133945844,2011-07-01,COL_2011
2012,NL,COL,COL,Colorado Rockies,162,64,98,758,890,5.22,166,-132,5.117993812416755,1.827769906751088,2012-07-01,COL_2012
2013,NL,COL,COL,Colorado Rockies,162,74,88,706,760,4.44,159,-54,5.075173815233827,1.6937790608678513,2013-07-01,COL_2013
2014,NL,COL,COL,Colorado Rockies,162,66,96,755,818,4.84,186,-63,5.231108616854587,1.7647307968401356,2014-07-01,COL_2014
2015,NL,COL,COL,Colorado Rockies,162,68,94,737,844,5.04,186,-107,5.231108616854587,1.7984040119467235,2015-07-01,COL_2015
2016,NL,COL,COL,Colorado Rockies,162,75,87,845,860,4.91,204,-15,5.3230099791384085,1.776645831418007,2016-07-01,COL_2016
2017,NL,COL,COL,Colorado Rockies,162,87,75,824,757,4.51,192,67,5.262690188904886,1.706564623164823,2017-07-01,COL_2017
2018,NL,COL,COL,Colorado Rockies,163,91,72,780,745,4.33,210,35,5.351858133476067,1.673351238177753,2018-07-01,COL_2018
2019,NL,COL,COL,Colorado Rockies,162,71,91,835,958,5.56,224,-123,5.41610040220442,1.8809906029559975,2019-07-01,COL_2019
2000,AL,DET,DET,Detroit Tigers,162,79,83,823,827,4.71,177,-4,5.181783550292085,1.742219023667919,2000-07-01,DET_2000
2001,AL,DET,DET,Detroit Tigers,162,66,96,724,876,5.01,139,-152,4.941642422609304,1.7934247485471162,2001-07-01,DET_2001
2002,AL,DET,DET,Detroit Tigers,161,55,106,575,864,4.92,124,-289,4.8283137373023015,1.7783364488959144,2002-07-01,DET_2002
2003,AL,DET,DET,Detroit Tigers,162,43,119,591,928,5.3,153,-337,5.0369526024136295,1.840549633397487,2003-07-01,DET_2003
2004,AL,DET,DET,Detroit Tigers,162,72,90,827,844,4.93,201,-17,5.308267697401205,1.780024213009634,2004-07-01,DET_2004
2005,AL,DET,DET,Detroit Tigers,162,71,91,723,787,4.51,168,-64,5.1298987149230735,1.706564623164823,2005-07-01,DET_2005
2006,AL,DET,DET,Detroit Tigers,162,95,67,822,675,3.84,203,147,5.318119993844216,1.5769147207285403,2006-07-01,DET_2006
2007,AL,DET,DET,Detroit Tigers,162,88,74,887,797,4.57,177,90,5.181783550292085,1.7173950539391927,2007-07-01,DET_2007
2008,AL,DET,DET,Detroit Tigers,162,74,88,821,857,4.9,200,-36,5.303304908059076,1.7749523509116738,2008-07-01,DET_2008
2009,AL,DET,DET,Detroit Tigers,163,86,77,743,745,4.29,183,-2,5.214935757608986,1.665818245870208,2009-07-01,DET_2009
2010,AL,DET,DET,Detroit Tigers,162,81,81,751,743,4.3,152,8,5.030437921392435,1.667706820558076,2010-07-01,DET_2010
2011,AL,DET,DET,Detroit Tigers,162,95,67,787,711,4.04,169,76,5.135798437050262,1.6174060820832772,2011-07-01,DET_2011
2012,AL,DET,DET,Detroit Tigers,162,88,74,726,670,3.75,163,56,5.099866427824199,1.55814461804655,2012-07-01,DET_2012
2013,AL,DET,DET,Detroit Tigers,162,93,69,796,624,3.61,176,172,5.176149732573829,1.528227857008557,2013-07-01,DET_2013
2014,AL,DET,DET,Detroit Tigers,162,90,72,757,705,4.01,155,52,5.049856007249537,1.6114359150967734,2014-07-01,DET_2014
2015,AL,DET,DET,Detroit Tigers,161,74,87,689,803,4.64,151,-114,5.0238805208462765,1.7298840655099674,2015-07-01,DET_2015
2016,AL,DET,DET,Detroit Tigers,161,86,75,750,721,4.24,211,29,5.356586274672012,1.6563214983329508,2016-07-01,DET_2016
2017,AL,DET,DET,Detroit Tigers,162,64,98,735,894,5.36,187,-159,5.236441962829949,1.8500283773520307,2017-07-01,DET_2017
2018,AL,DET,DET,Detroit Tigers,162,64,98,630,796,4.58,135,-166,4.912654885736052,1.7191887763932197,2018-07-01,DET_2018
2019,AL,DET,DET,Detroit Tigers,161,47,114,582,915,5.24,149,-333,5.0106352940962555,1.8309801823813363,2019-07-01,DET_2019
2000,NL,FLO,FLA,Florida Marlins,161,79,82,731,797,4.59,160,-66,5.081404364984463,1.7209792871670078,2000-07-01,FLO_2000
2001,NL,FLO,FLA,Florida Marlins,162,76,86,742,744,4.32,166,-2,5.117993812416755,1.6714733033535532,2001-07-01,FLO_2001
2002,NL,FLO,FLA,Florida Marlins,162,79,83,699,763,4.36,146,-64,4.990432586778736,1.6789639750827108,2002-07-01,FLO_2002
2003,NL,FLO,FLA,Florida Marlins,162,91,71,751,692,4.04,157,59,5.062595033026967,1.6174060820832772,2003-07-01,FLO_2003
2004,NL,FLO,FLA,Florida Marlins,162,83,79,718,700,4.1,148,18,5.003946305945459,1.62924053973028,2004-07-01,FLO_2004
2005,NL,FLO,FLA,Florida Marlins,162,83,79,717,732,4.16,128,-15,4.859812404361672,1.6409365794934714,2005-07-01,FLO_2005
2006,NL,FLO,FLA,Florida Marlins,162,78,84,758,772,4.37,182,-14,5.209486152841421,1.6808279085207734,2006-07-01,FLO_2006
2007,NL,FLO,FLA,Florida Marlins,162,71,91,790,891,4.94,201,-101,5.308267697401205,1.7817091333745536,2007-07-01,FLO_2007
2008,NL,FLO,FLA,Florida Marlins,161,84,77,770,767,4.43,208,3,5.342334251964811,1.691939133945844,2008-07-01,FLO_2008
2009,NL,FLO,FLA,Florida Marlins,162,87,75,772,766,4.29,159,6,5.075173815233827,1.665818245870208,2009-07-01,FLO_2009
2010,NL,FLO,FLA,Florida Marlins,162,80,82,719,717,4.08,152,2,5.030437921392435,1.6253112615903906,2010-07-01,FLO_2010
2011,NL,FLO,FLA,Florida Marlins,162,72,90,625,702,3.95,149,-77,5.0106352940962555,1.599387576580599,2011-07-01,FLO_2011
2012,NL,MIA,FLA,Miami Marlins,162,69,93,609,724,4.09,137,-115,4.927253685157205,1.6272778305624314,2012-07-01,MIA_2012
2013,NL,MIA,FLA,Miami Marlins,162,62,100,513,646,3.71,95,-133,4.564348191467836,1.5496879080283263,2013-07-01,MIA_2013
2014,NL,MIA,FLA,Miami Marlins,162,77,85,645,674,3.78,122,-29,4.812184355372417,1.5644405465033644,2014-07-01,MIA_2014
2015,NL,MIA,FLA,Miami Marlins,162,71,91,613,678,4.02,120,-65,4.795790545596741,1.6134299337036377,2015-07-01,MIA_2015
2016,NL,MIA,FLA,Miami Marlins,161,79,82,655,682,4.05,128,-27,4.859812404361672,1.6193882432872684,2016-07-01,MIA_2016
2017,NL,MIA,FLA,Miami Marlins,162,77,85,778,822,4.82,194,-44,5.272999558563747,1.7613002617433464,2017-07-01,MIA_2017
2018,NL,MIA,FLA,Miami Marlins,161,63,98,589,809,4.76,128,-220,4.859812404361672,1.7509374747078,2018-07-01,MIA_2018
2019,NL,MIA,FLA,Miami Marlins,162,57,105,615,808,4.74,146,-193,4.990432586778736,1.747459210331475,2019-07-01,MIA_2019
2000,NL,HOU,HOU,Houston Astros,162,72,90,938,944,5.42,249,-6,5.521460917862246,1.8594181177018698,2000-07-01,HOU_2000
2001,NL,HOU,HOU,Houston Astros,162,93,69,847,769,4.37,208,78,5.342334251964811,1.6808279085207734,2001-07-01,HOU_2001
2002,NL,HOU,HOU,Houston Astros,162,84,78,749,695,4.0,167,54,5.123963979403259,1.6094379124341003,2002-07-01,HOU_2002
2003,NL,HOU,HOU,Houston Astros,162,87,75,805,677,3.86,191,128,5.2574953720277815,1.5810384379124023,2003-07-01,HOU_2003
2004,NL,HOU,HOU,Houston Astros,162,92,70,803,698,4.05,187,105,5.236441962829949,1.6193882432872684,2004-07-01,HOU_2004
2005,NL,HOU,HOU,Houston Astros,163,89,73,693,609,3.51,161,84,5.087596335232384,1.506297153514587,2005-07-01,HOU_2005
2006,NL,HOU,HOU,Houston Astros,162,82,80,735,719,4.08,174,16,5.1647859739235145,1.6253112615903906,2006-07-01,HOU_2006
2007,NL,HOU,HOU,Houston Astros,162,73,89,723,813,4.68,167,-90,5.123963979403259,1.7369512327330598,2007-07-01,HOU_2007
2008,NL,HOU,HOU,Houston Astros,161,86,75,712,743,4.36,167,-31,5.123963979403259,1.6789639750827108,2008-07-01,HOU_2008
2009,NL,HOU,HOU,Houston Astros,162,74,88,643,770,4.54,142,-127,4.962844630259907,1.7119945007591924,2009-07-01,HOU_2009
2010,NL,HOU,HOU,Houston Astros,162,76,86,611,729,4.09,108,-118,4.6913478822291435,1.6272778305624314,2010-07-01,HOU_2010
2011,NL,HOU,HOU,Houston Astros,162,56,106,615,796,4.51,95,-181,4.564348191467836,1.706564623164823,2011-07-01,HOU_2011
2012,NL,HOU,HOU,Houston Astros,162,55,107,583,794,4.56,146,-211,4.990432586778736,1.715598108262491,2012-07-01,HOU_2012
2013,AL,HOU,HOU,Houston Astros,162,51,111,610,848,4.79,148,-238,5.003946305945459,1.7561322915849038,2013-07-01,HOU_2013
2014,AL,HOU,HOU,Houston Astros,162,70,92,629,723,4.11,163,-94,5.099866427824199,1.631199404215613,2014-07-01,HOU_2014
2015,AL,HOU,HOU,Houston Astros,162,86,76,729,618,3.57,230,111,5.442417710521793,1.5195132049061133,2015-07-01,HOU_2015
2016,AL,HOU,HOU,Houston Astros,162,84,78,724,701,4.06,198,23,5.293304824724492,1.6213664832993742,2016-07-01,HOU_2016
2017,AL,HOU,HOU,Houston Astros,162,101,61,896,700,4.12,238,196,5.476463551931511,1.6331544390514163,2017-07-01,HOU_2017
2018,AL,HOU,HOU,Houston Astros,162,103,59,797,534,3.11,205,263,5.327876168789581,1.413423028508143,2018-07-01,HOU_2018
2019,AL,HOU,HOU,Houston Astros,162,107,55,920,640,3.66,288,280,5.666426688112432,1.5390154481375546,2019-07-01,HOU_2019
2000,AL,KCA,KCR,Kansas City Royals,162,77,85,879,930,5.48,150,-51,5.017279836814924,1.8687205103641833,2000-07-01,KCA_2000
2001,AL,KCA,KCR,Kansas City Royals,162,65,97,729,858,4.87,152,-129,5.030437921392435,1.7698546338400052,2001-07-01,KCA_2001
2002,AL,KCA,KCR,Kansas City Royals,162,62,100,737,891,5.21,140,-154,4.948759890378168,1.8261608959453874,2002-07-01,KCA_2002
2003,AL,KCA,KCR,Kansas City Royals,162,83,79,836,867,5.05,162,-31,5.093750200806762,1.80005827204275,2003-07-01,KCA_2003
2004,AL,KCA,KCR,Kansas City Royals,162,58,104,720,905,5.15,150,-185,5.017279836814924,1.8164520818184267,2004-07-01,KCA_2004
2005,AL,KCA,KCR,Kansas City Royals,162,56,106,701,935,5.49,126,-234,4.844187086458591,1.8702625307159986,2005-07-01,KCA_2005
2006,AL,KCA,KCR,Kansas City Royals,162,62,100,757,971,5.65,124,-214,4.8283137373023015,1.8946168546677629,2006-07-01,KCA_2006
2007,AL,KCA,KCR,Kansas City Royals,162,69,93,706,778,4.48,102,-72,4.634728988229636,1.7011051009599243,2007-07-01,KCA_2007
2008,AL,KCA,KCR,Kansas City Royals,162,75,87,691,781,4.48,120,-90,4.795790545596741,1.7011051009599243,2008-07-01,KCA_2008
2009,AL,KCA,KCR,Kansas City Royals,162,65,97,686,842,4.83,144,-156,4.976733742420574,1.763017000362401,2009-07-01,KCA_2009
2010,AL,KCA,KCR,Kansas City Royals,162,67,95,676,845,4.97,121,-169,4.804021044733257,1.7867469274045107,2010-07-01,KCA_2010
2011,AL,KCA,KCR,Kansas City Royals,162,71,91,730,762,4.44,129,-32,4.867534450455582,1.6937790608678513,2011-07-01,KCA_2011
2012,AL,KCA,KCR,Kansas City Royals,162,72,90,676,746,4.3,131,-70,4.882801922586371,1.667706820558076,2012-07-01,KCA_2012
2013,AL,KCA,KCR,Kansas City Royals,162,86,76,648,601,3.45,112,47,4.727387818712341,1.4929040961781488,2013-07-01,KCA_2013
2014,AL,KCA,KCR,Kansas City Royals,162,89,73,651,624,3.51,95,27,4.564348191467836,1.506297153514587,2014-07-01,KCA_2014
2015,AL,KCA,KCR,Kansas City Royals,162,95,67,724,641,3.73,139,83,4.941642422609304,1.5539252025038417,2015-07-01,KCA_2015
2016,AL,KCA,KCR,Kansas City Royals,162,81,81,675,712,4.21,147,-37,4.997212273764115,1.6505798557652755,2016-07-01,KCA_2016
2017,AL,KCA,KCR,Kansas City Royals,162,80,82,702,791,4.61,193,-89,5.267858159063328,1.724550719534605,2017-07-01,KCA_2017
2018,AL,KCA,KCR,Kansas City Royals,162,58,104,638,833,4.94,155,-195,5.049856007249537,1.7817091333745536,2018-07-01,KCA_2018
2019,AL,KCA,KCR,Kansas City Royals,162,59,103,691,869,5.2,162,-178,5.093750200806762,1.824549292051046,2019-07-01,KCA_2019
2000,NL,LAN,LAD,Los Angeles Dodgers,162,86,76,798,729,4.1,211,69,5.356586274672012,1.62924053973028,2000-07-01,LAN_2000
2001,NL,LAN,LAD,Los Angeles Dodgers,162,86,76,758,744,4.25,206,14,5.332718793265369,1.6582280766035324,2001-07-01,LAN_2001
2002,NL,LAN,LAD,Los Angeles Dodgers,162,92,70,713,643,3.69,155,70,5.049856007249537,1.5454325824581878,2002-07-01,LAN_2002
2003,NL,LAN,LAD,Los Angeles Dodgers,162,85,77,574,556,3.16,124,18,4.8283137373023015,1.425515074273172,2003-07-01,LAN_2003
2004,NL,LAN,LAD,Los Angeles Dodgers,162,93,69,761,684,4.01,203,77,5.318119993844216,1.6114359150967734,2004-07-01,LAN_2004
2005,NL,LAN,LAD,Los Angeles Dodgers,162,71,91,685,755,4.38,149,-70,5.0106352940962555,1.682688374173693,2005-07-01,LAN_2005
2006,NL,LAN,LAD,Los Angeles Dodgers,162,88,74,820,751,4.23,153,69,5.0369526024136295,1.6544112780768316,2006-07-01,LAN_2006
2007,NL,LAN,LAD,Los Angeles Dodgers,162,82,80,735,727,4.2,129,8,4.867534450455582,1.6486586255873816,2007-07-01,LAN_2007
2008,NL,LAN,LAD,Los Angeles Dodgers,162,84,78,700,648,3.68,137,52,4.927253685157205,1.5432981099295553,2008-07-01,LAN_2008
2009,NL,LAN,LAD,Los Angeles Dodgers,162,95,67,780,611,3.41,145,169,4.983606621708336,1.4838746894587547,2009-07-01,LAN_2009
2010,NL,LAN,LAD,Los Angeles Dodgers,162,80,82,667,692,4.01,120,-25,4.795790545596741,1.6114359150967734,2010-07-01,LAN_2010
2011,NL,LAN,LAD,Los Angeles Dodgers,161,82,79,644,612,3.54,117,32,4.770684624465665,1.5129270120532565,2011-07-01,LAN_2011
2012,NL,LAN,LAD,Los Angeles Dodgers,162,86,76,637,597,3.34,116,40,4.762173934797756,1.4678743481123135,2012-07-01,LAN_2012
2013,NL,LAN,LAD,Los Angeles Dodgers,162,92,70,649,582,3.25,138,67,4.9344739331306915,1.4469189829363254,2013-07-01,LAN_2013
2014,NL,LAN,LAD,Los Angeles Dodgers,162,94,68,718,617,3.4,134,101,4.90527477843843,1.4816045409242156,2014-07-01,LAN_2014
2015,NL,LAN,LAD,Los Angeles Dodgers,162,92,70,667,595,3.44,187,72,5.236441962829949,1.4906543764441333,2015-07-01,LAN_2015
2016,NL,LAN,LAD,Los Angeles Dodgers,162,91,71,725,638,3.7,189,87,5.247024072160486,1.547562508716013,2016-07-01,LAN_2016
2017,NL,LAN,LAD,Los Angeles Dodgers,162,104,58,770,580,3.38,221,190,5.402677381872279,1.4770487243883548,2017-07-01,LAN_2017
2018,NL,LAN,LAD,Los Angeles Dodgers,163,92,71,804,610,3.38,235,194,5.4638318050256105,1.4770487243883548,2018-07-01,LAN_2018
2019,NL,LAN,LAD,Los Angeles Dodgers,162,106,56,886,613,3.37,279,273,5.634789603169249,1.4747630091074988,2019-07-01,LAN_2019
2000,NL,MIL,MIL,Milwaukee Brewers,163,73,89,740,826,4.63,177,-86,5.181783550292085,1.728109442151599,2000-07-01,MIL_2000
2001,NL,MIL,MIL,Milwaukee Brewers,162,68,94,740,806,4.64,209,-66,5.3471075307174685,1.7298840655099674,2001-07-01,MIL_2001
2002,NL,MIL,MIL,Milwaukee Brewers,162,56,106,627,821,4.73,139,-194,4.941642422609304,1.7457155307266483,2002-07-01,MIL_2002
2003,NL,MIL,MIL,Milwaukee Brewers,162,68,94,714,873,5.02,196,-159,5.2832037287379885,1.7950872593207297,2003-07-01,MIL_2003
2004,NL,MIL,MIL,Milwaukee Brewers,161,67,94,634,757,4.24,135,-123,4.912654885736052,1.6563214983329508,2004-07-01,MIL_2004
2005,NL,MIL,MIL,Milwaukee Brewers,162,81,81,726,697,3.97,175,29,5.170483995038151,1.6034198401085376,2005-07-01,MIL_2005
2006,NL,MIL,MIL,Milwaukee Brewers,162,75,87,730,833,4.82,180,-103,5.198497031265826,1.7613002617433464,2006-07-01,MIL_2006
2007,NL,MIL,MIL,Milwaukee Brewers,162,83,79,801,776,4.41,231,25,5.44673737166631,1.6882490928583902,2007-07-01,MIL_2007
2008,NL,MIL,MIL,Milwaukee Brewers,162,90,72,750,689,3.85,198,61,5.293304824724492,1.5789787049493917,2008-07-01,MIL_2008
2009,NL,MIL,MIL,Milwaukee Brewers,162,80,82,785,818,4.83,182,-33,5.209486152841421,1.763017000362401,2009-07-01,MIL_2009
2010,NL,MIL,MIL,Milwaukee Brewers,162,77,85,750,804,4.58,182,-54,5.209486152841421,1.7191887763932197,2010-07-01,MIL_2010
2011,NL,MIL,MIL,Milwaukee Brewers,162,96,66,721,638,3.63,185,83,5.225746673713202,1.5325568680981427,2011-07-01,MIL_2011
2012,NL,MIL,MIL,Milwaukee Brewers,162,83,79,776,733,4.22,202,43,5.313205979041787,1.6524974018945473,2012-07-01,MIL_2012
2013,NL,MIL,MIL,Milwaukee Brewers,162,74,88,640,687,3.84,157,-47,5.062595033026967,1.5769147207285403,2013-07-01,MIL_2013
2014,NL,MIL,MIL,Milwaukee Brewers,162,82,80,650,657,3.67,150,-7,5.017279836814924,1.541159071680806,2014-07-01,MIL_2014
2015,NL,MIL,MIL,Milwaukee Brewers,162,68,94,655,737,4.28,145,-82,4.983606621708336,1.6639260977181702,2015-07-01,MIL_2015
2016,NL,MIL,MIL,Milwaukee Brewers,162,73,89,671,733,4.08,194,-62,5.272999558563747,1.6253112615903906,2016-07-01,MIL_2016
2017,NL,MIL,MIL,Milwaukee Brewers,162,86,76,732,697,4.0,224,35,5.41610040220442,1.6094379124341003,2017-07-01,MIL_2017
2018,NL,MIL,MIL,Milwaukee Brewers,163,96,67,754,659,3.73,218,95,5.389071729816501,1.5539252025038417,2018-07-01,MIL_2018
2019,NL,MIL,MIL,Milwaukee Brewers,162,89,73,769,766,4.4,250,3,5.5254529391317835,1.6863989535702288,2019-07-01,MIL_2019
2000,AL,MIN,MIN,Minnesota Twins,162,69,93,748,880,5.14,116,-132,4.762173934797756,1.814824742159051,2000-07-01,MIN_2000
2001,AL,MIN,MIN,Minnesota Twins,162,85,77,771,766,4.51,164,5,5.10594547390058,1.706564623164823,2001-07-01,MIN_2001
2002,AL,MIN,MIN,Minnesota Twins,161,94,67,768,712,4.12,167,56,5.123963979403259,1.6331544390514163,2002-07-01,MIN_2002
2003,AL,MIN,MIN,Minnesota Twins,162,90,72,801,758,4.41,155,43,5.049856007249537,1.6882490928583902,2003-07-01,MIN_2003
2004,AL,MIN,MIN,Minnesota Twins,162,92,70,780,715,4.03,191,65,5.2574953720277815,1.6154199841116479,2004-07-01,MIN_2004
2005,AL,MIN,MIN,Minnesota Twins,162,83,79,688,662,3.71,134,26,4.90527477843843,1.5496879080283263,2005-07-01,MIN_2005
2006,AL,MIN,MIN,Minnesota Twins,162,96,66,801,683,3.95,143,118,4.969813299576001,1.599387576580599,2006-07-01,MIN_2006
2007,AL,MIN,MIN,Minnesota Twins,162,79,83,718,725,4.15,118,-7,4.77912349311153,1.6389967146756448,2007-07-01,MIN_2007
2008,AL,MIN,MIN,Minnesota Twins,163,88,75,829,745,4.16,111,84,4.718498871295094,1.6409365794934714,2008-07-01,MIN_2008
2009,AL,MIN,MIN,Minnesota Twins,163,87,76,817,765,4.5,172,52,5.153291594497779,1.7047480922384253,2009-07-01,MIN_2009
2010,AL,MIN,MIN,Minnesota Twins,162,94,68,781,671,3.95,142,110,4.962844630259907,1.599387576580599,2010-07-01,MIN_2010
2011,AL,MIN,MIN,Minnesota Twins,162,63,99,619,804,4.58,103,-185,4.6443908991413725,1.7191887763932197,2011-07-01,MIN_2011
2012,AL,MIN,MIN,Minnesota Twins,162,66,96,701,832,4.77,131,-131,4.882801922586371,1.7526720805200082,2012-07-01,MIN_2012
2013,AL,MIN,MIN,Minnesota Twins,162,66,96,614,788,4.55,151,-174,5.0238805208462765,1.713797927758343,2013-07-01,MIN_2013
2014,AL,MIN,MIN,Minnesota Twins,162,70,92,715,777,4.57,128,-62,4.859812404361672,1.7173950539391927,2014-07-01,MIN_2014
2015,AL,MIN,MIN,Minnesota Twins,162,83,79,696,700,4.07,156,-4,5.056245805348308,1.623340817603092,2015-07-01,MIN_2015
2016,AL,MIN,MIN,Minnesota Twins,162,59,103,722,889,5.08,200,-167,5.303304908059076,1.8050046959780757,2016-07-01,MIN_2016
2017,AL,MIN,MIN,Minnesota Twins,162,85,77,815,788,4.59,206,27,5.332718793265369,1.7209792871670078,2017-07-01,MIN_2017
2018,AL,MIN,MIN,Minnesota Twins,162,78,84,738,775,4.5,166,-37,5.117993812416755,1.7047480922384253,2018-07-01,MIN_2018
2019,AL,MIN,MIN,Minnesota Twins,162,101,61,939,754,4.18,307,185,5.730099782973574,1.6448050562713916,2019-07-01,MIN_2019
2000,NL,NYN,NYM,New York Mets,162,94,68,807,738,4.16,198,69,5.293304824724492,1.6409365794934714,2000-07-01,NYN_2000
2001,NL,NYN,NYM,New York Mets,162,82,80,642,713,4.07,147,-71,4.997212273764115,1.623340817603092,2001-07-01,NYN_2001
2002,NL,NYN,NYM,New York Mets,161,75,86,690,703,3.89,160,-13,5.081404364984463,1.5871923034867808,2002-07-01,NYN_2002
2003,NL,NYN,NYM,New York Mets,161,66,95,642,754,4.48,124,-112,4.8283137373023015,1.7011051009599243,2003-07-01,NYN_2003
2004,NL,NYN,NYM,New York Mets,162,71,91,684,731,4.09,185,-47,5.225746673713202,1.6272778305624314,2004-07-01,NYN_2004
2005,NL,NYN,NYM,New York Mets,162,83,79,722,648,3.76,175,74,5.170483995038151,1.5602476682433286,2005-07-01,NYN_2005
2006,NL,NYN,NYM,New York Mets,162,97,65,834,731,4.14,200,103,5.303304908059076,1.6370530794670737,2006-07-01,NYN_2006
2007,NL,NYN,NYM,New York Mets,162,88,74,804,750,4.26,177,54,5.181783550292085,1.6601310267496185,2007-07-01,NYN_2007
2008,NL,NYN,NYM,New York Mets,162,89,73,799,715,4.07,172,84,5.153291594497779,1.623340817603092,2008-07-01,NYN_2008
2009,NL,NYN,NYM,New York Mets,162,70,92,671,757,4.45,95,-86,4.564348191467836,1.6956156086751528,2009-07-01,NYN_2009
2010,NL,NYN,NYM,New York Mets,162,79,83,656,652,3.7,128,4,4.859812404361672,1.547562508716013,2010-07-01,NYN_2010
2011,NL,NYN,NYM,New York Mets,162,77,85,718,742,4.19,108,-24,4.6913478822291435,1.6467336971777973,2011-07-01,NYN_2011
2012,NL,NYN,NYM,New York Mets,162,74,88,650,709,4.09,139,-59,4.941642422609304,1.6272778305624314,2012-07-01,NYN_2012
2013,NL,NYN,NYM,New York Mets,162,74,88,619,684,3.77,130,-65,4.875197323201151,1.5623463049002497,2013-07-01,NYN_2013
2014,NL,NYN,NYM,New York Mets,162,79,83,629,618,3.49,125,11,4.836281906951478,1.501852701754163,2014-07-01,NYN_2014
2015,NL,NYN,NYM,New York Mets,162,90,72,683,613,3.43,177,70,5.181783550292085,1.4883995840570443,2015-07-01,NYN_2015
2016,NL,NYN,NYM,New York Mets,162,87,75,671,617,3.57,218,54,5.389071729816501,1.5195132049061133,2016-07-01,NYN_2016
2017,NL,NYN,NYM,New York Mets,162,70,92,735,863,5.01,224,-128,5.41610040220442,1.7934247485471162,2017-07-01,NYN_2017
2018,NL,NYN,NYM,New York Mets,162,77,85,676,707,4.07,170,-31,5.14166355650266,1.623340817603092,2018-07-01,NYN_2018
2019,NL,NYN,NYM,New York Mets,162,86,76,791,737,4.24,242,54,5.493061443340548,1.6563214983329508,2019-07-01,NYN_2019
2000,AL,NYA,NYY,New York Yankees,161,87,74,871,814,4.76,205,57,5.327876168789581,1.7509374747078,2000-07-01,NYA_2000
2001,AL,NYA,NYY,New York Yankees,161,95,65,804,713,4.02,203,91,5.318119993844216,1.6134299337036377,2001-07-01,NYA_2001
2002,AL,NYA,NYY,New York Yankees,161,103,58,897,697,3.87,223,200,5.4116460518550396,1.5830939370944985,2002-07-01,NYA_2002
2003,AL,NYA,NYY,New York Yankees,163,101,61,877,716,4.02,230,161,5.442417710521793,1.6134299337036377,2003-07-01,NYA_2003
2004,AL,NYA,NYY,New York Yankees,162,101,61,897,808,4.69,242,89,5.493061443340548,1.7387102481382397,2004-07-01,NYA_2004
2005,AL,NYA,NYY,New York Yankees,162,95,67,886,789,4.52,229,97,5.438079308923196,1.7083778602890038,2005-07-01,NYA_2005
2006,AL,NYA,NYY,New York Yankees,162,97,65,930,767,4.41,210,163,5.351858133476067,1.6882490928583902,2006-07-01,NYA_2006
2007,AL,NYA,NYY,New York Yankees,162,94,68,968,777,4.49,201,191,5.308267697401205,1.7029282555214393,2007-07-01,NYA_2007
2008,AL,NYA,NYY,New York Yankees,162,89,73,789,727,4.28,180,62,5.198497031265826,1.6639260977181702,2008-07-01,NYA_2008
2009,AL,NYA,NYY,New York Yankees,162,103,59,915,753,4.26,244,162,5.501258210544727,1.6601310267496185,2009-07-01,NYA_2009
2010,AL,NYA,NYY,New York Yankees,162,95,67,859,693,4.06,201,166,5.308267697401205,1.6213664832993742,2010-07-01,NYA_2010
2011,AL,NYA,NYY,New York Yankees,162,97,65,867,657,3.73,222,210,5.407171771460119,1.5539252025038417,2011-07-01,NYA_2011
2012,AL,NYA,NYY,New York Yankees,162,95,67,804,668,3.84,245,136,5.5053315359323625,1.5769147207285403,2012-07-01,NYA_2012
2013,AL,NYA,NYY,New York Yankees,162,85,77,650,671,3.94,144,-21,4.976733742420574,1.597365331199831,2013-07-01,NYA_2013
2014,AL,NYA,NYY,New York Yankees,162,84,78,633,664,3.75,147,-31,4.997212273764115,1.55814461804655,2014-07-01,NYA_2014
2015,AL,NYA,NYY,New York Yankees,162,87,75,764,698,4.03,212,66,5.3612921657094255,1.6154199841116479,2015-07-01,NYA_2015
2016,AL,NYA,NYY,New York Yankees,162,84,78,680,702,4.16,183,-22,5.214935757608986,1.6409365794934714,2016-07-01,NYA_2016
2017,AL,NYA,NYY,New York Yankees,162,91,71,858,660,3.72,241,198,5.488937726156687,1.551808799597464,2017-07-01,NYA_2017
2018,AL,NYA,NYY,New York Yankees,162,100,62,851,669,3.78,267,182,5.5909869805108565,1.5644405465033644,2018-07-01,NYA_2018
2019,AL,NYA,NYY,New York Yankees,162,103,59,943,739,4.31,306,204,5.726847747587197,1.6695918352538475,2019-07-01,NYA_2019
2000,AL,OAK,OAK,Oakland Athletics,161,91,70,947,813,4.58,239,134,5.480638923341991,1.7191887763932197,2000-07-01,OAK_2000
2001,AL,OAK,OAK,Oakland Athletics,162,102,60,884,645,3.59,199,239,5.298317366548036,1.5238800240724537,2001-07-01,OAK_2001
2002,AL,OAK,OAK,Oakland Athletics,162,103,59,800,654,3.68,205,146,5.327876168789581,1.5432981099295553,2002-07-01,OAK_2002
2003,AL,OAK,OAK,Oakland Athletics,162,96,66,768,643,3.63,176,125,5.176149732573829,1.5325568680981427,2003-07-01,OAK_2003
2004,AL,OAK,OAK,Oakland Athletics,162,91,71,793,742,4.17,189,51,5.247024072160486,1.6428726885203377,2004-07-01,OAK_2004
2005,AL,OAK,OAK,Oakland Athletics,162,88,74,772,658,3.69,155,114,5.049856007249537,1.5454325824581878,2005-07-01,OAK_2005
2006,AL,OAK,OAK,Oakland Athletics,162,93,69,771,727,4.21,175,44,5.170483995038151,1.6505798557652755,2006-07-01,OAK_2006
2007,AL,OAK,OAK,Oakland Athletics,162,76,86,741,758,4.28,171,-17,5.147494476813453,1.6639260977181702,2007-07-01,OAK_2007
2008,AL,OAK,OAK,Oakland Athletics,161,75,86,646,690,4.01,125,-44,4.836281906951478,1.6114359150967734,2008-07-01,OAK_2008
2009,AL,OAK,OAK,Oakland Athletics,162,75,87,759,761,4.26,135,-2,4.912654885736052,1.6601310267496185,2009-07-01,OAK_2009
2010,AL,OAK,OAK,Oakland Athletics,162,81,81,663,626,3.56,109,37,4.700480365792417,1.5173226235262949,2010-07-01,OAK_2010
2011,AL,OAK,OAK,Oakland Athletics,162,74,88,645,679,3.71,114,-34,4.74493212836325,1.5496879080283263,2011-07-01,OAK_2011
2012,AL,OAK,OAK,Oakland Athletics,162,94,68,713,614,3.48,195,99,5.278114659230517,1.4996230464268938,2012-07-01,OAK_2012
2013,AL,OAK,OAK,Oakland Athletics,162,96,66,767,625,3.56,186,142,5.231108616854587,1.5173226235262949,2013-07-01,OAK_2013
2014,AL,OAK,OAK,Oakland Athletics,162,88,74,729,572,3.22,146,157,4.990432586778736,1.4398351280479207,2014-07-01,OAK_2014
2015,AL,OAK,OAK,Oakland Athletics,162,68,94,694,729,4.14,146,-35,4.990432586778736,1.6370530794670737,2015-07-01,OAK_2015
2016,AL,OAK,OAK,Oakland Athletics,162,69,93,653,761,4.51,169,-108,5.135798437050262,1.706564623164823,2016-07-01,OAK_2016
2017,AL,OAK,OAK,Oakland Athletics,162,75,87,739,826,4.67,234,-87,5.459585514144159,1.7351891177396608,2017-07-01,OAK_2017
2018,AL,OAK,OAK,Oakland Athletics,162,97,65,813,674,3.81,227,139,5.429345628954441,1.57069708411767,2018-07-01,OAK_2018
2019,AL,OAK,OAK,Oakland Athletics,162,97,65,845,680,3.97,257,165,5.552959584921617,1.6034198401085376,2019-07-01,OAK_2019
2000,NL,PHI,PHI,Philadelphia Phillies,162,65,97,708,830,4.77,144,-122,4.976733742420574,1.7526720805200082,2000-07-01,PHI_2000
2001,NL,PHI,PHI,Philadelphia Phillies,162,86,76,746,719,4.15,164,27,5.10594547390058,1.6389967146756448,2001-07-01,PHI_2001
2002,NL,PHI,PHI,Philadelphia Phillies,161,80,81,710,724,4.17,165,-14,5.111987788356544,1.6428726885203377,2002-07-01,PHI_2002
2003,NL,PHI,PHI,Philadelphia Phillies,162,86,76,791,697,4.04,166,94,5.117993812416755,1.6174060820832772,2003-07-01,PHI_2003
2004,NL,PHI,PHI,Philadelphia Phillies,162,86,76,840,781,4.45,215,59,5.375278407684165,1.6956156086751528,2004-07-01,PHI_2004
2005,NL,PHI,PHI,Philadelphia Phillies,162,88,74,807,726,4.21,167,81,5.123963979403259,1.6505798557652755,2005-07-01,PHI_2005
2006,NL,PHI,PHI,Philadelphia Phillies,162,85,77,865,812,4.6,216,53,5.37989735354046,1.7227665977411035,2006-07-01,PHI_2006
2007,NL,PHI,PHI,Philadelphia Phillies,162,89,73,892,821,4.73,213,71,5.365976015021851,1.7457155307266483,2007-07-01,PHI_2007
2008,NL,PHI,PHI,Philadelphia Phillies,162,92,70,799,680,3.88,214,119,5.3706380281276624,1.5851452198650557,2008-07-01,PHI_2008
2009,NL,PHI,PHI,Philadelphia Phillies,162,93,69,820,709,4.16,224,111,5.41610040220442,1.6409365794934714,2009-07-01,PHI_2009
2010,NL,PHI,PHI,Philadelphia Phillies,162,97,65,772,640,3.67,166,132,5.117993812416755,1.541159071680806,2010-07-01,PHI_2010
2011,NL,PHI,PHI,Philadelphia Phillies,162,102,60,713,529,3.02,153,184,5.0369526024136295,1.3912819026309295,2011-07-01,PHI_2011
2012,NL,PHI,PHI,Philadelphia Phillies,162,81,81,684,680,3.83,158,4,5.0689042022202315,1.5748464676644813,2012-07-01,PHI_2012
2013,NL,PHI,PHI,Philadelphia Phillies,162,73,89,610,749,4.32,140,-139,4.948759890378168,1.6714733033535532,2013-07-01,PHI_2013
2014,NL,PHI,PHI,Philadelphia Phillies,162,73,89,619,687,3.79,125,-68,4.836281906951478,1.5665304114228238,2014-07-01,PHI_2014
2015,NL,PHI,PHI,Philadelphia Phillies,162,63,99,626,809,4.69,130,-183,4.875197323201151,1.7387102481382397,2015-07-01,PHI_2015
2016,NL,PHI,PHI,Philadelphia Phillies,162,71,91,610,796,4.63,161,-186,5.087596335232384,1.728109442151599,2016-07-01,PHI_2016
2017,NL,PHI,PHI,Philadelphia Phillies,162,66,96,690,782,4.55,174,-92,5.1647859739235145,1.713797927758343,2017-07-01,PHI_2017
2018,NL,PHI,PHI,Philadelphia Phillies,162,80,82,677,728,4.14,186,-51,5.231108616854587,1.6370530794670737,2018-07-01,PHI_2018
2019,NL,PHI,PHI,Philadelphia Phillies,162,81,81,774,794,4.53,215,-20,5.375278407684165,1.7101878155342434,2019-07-01,PHI_2019
2000,NL,PIT,PIT,Pittsburgh Pirates,162,69,93,793,888,4.94,168,-95,5.1298987149230735,1.7817091333745536,2000-07-01,PIT_2000
2001,NL,PIT,PIT,Pittsburgh Pirates,162,62,100,657,858,5.05,161,-201,5.087596335232384,1.80005827204275,2001-07-01,PIT_2001
2002,NL,PIT,PIT,Pittsburgh Pirates,161,72,89,641,730,4.23,142,-89,4.962844630259907,1.6544112780768316,2002-07-01,PIT_2002
2003,NL,PIT,PIT,Pittsburgh Pirates,162,75,87,753,801,4.64,163,-48,5.099866427824199,1.7298840655099674,2003-07-01,PIT_2003
2004,NL,PIT,PIT,Pittsburgh Pirates,161,72,89,680,744,4.29,142,-64,4.962844630259907,1.665818245870208,2004-07-01,PIT_2004
2005,NL,PIT,PIT,Pittsburgh Pirates,162,67,95,680,769,4.42,139,-89,4.941642422609304,1.6900958154515549,2005-07-01,PIT_2005
2006,NL,PIT,PIT,Pittsburgh Pirates,162,67,95,691,797,4.52,141,-106,4.955827057601261,1.7083778602890038,2006-07-01,PIT_2006
2007,NL,PIT,PIT,Pittsburgh Pirates,162,68,94,724,846,4.93,148,-122,5.003946305945459,1.780024213009634,2007-07-01,PIT_2007
2008,NL,PIT,PIT,Pittsburgh Pirates,162,67,95,735,884,5.08,153,-149,5.0369526024136295,1.8050046959780757,2008-07-01,PIT_2008
2009,NL,PIT,PIT,Pittsburgh Pirates,161,62,99,636,768,4.59,125,-132,4.836281906951478,1.7209792871670078,2009-07-01,PIT_2009
2010,NL,PIT,PIT,Pittsburgh Pirates,162,57,105,587,866,5.0,126,-279,4.844187086458591,1.791759469228055,2010-07-01,PIT_2010
2011,NL,PIT,PIT,Pittsburgh Pirates,162,72,90,610,712,4.04,107,-102,4.68213122712422,1.6174060820832772,2011-07-01,PIT_2011
2012,NL,PIT,PIT,Pittsburgh Pirates,162,79,83,651,674,3.86,170,-23,5.14166355650266,1.5810384379124023,2012-07-01,PIT_2012
2013,NL,PIT,PIT,Pittsburgh Pirates,162,94,68,634,577,3.26,161,57,5.087596335232384,1.449269160281279,2013-07-01,PIT_2013
2014,NL,PIT,PIT,Pittsburgh Pirates,162,88,74,682,631,3.47,156,51,5.056245805348308,1.4973884086254776,2014-07-01,PIT_2014
2015,NL,PIT,PIT,Pittsburgh Pirates,162,98,64,697,596,3.21,140,101,4.948759890378168,1.43746264769429,2015-07-01,PIT_2015
2016,NL,PIT,PIT,Pittsburgh Pirates,162,78,83,729,758,4.21,153,-29,5.0369526024136295,1.6505798557652755,2016-07-01,PIT_2016
2017,NL,PIT,PIT,Pittsburgh Pirates,162,75,87,668,731,4.22,151,-63,5.0238805208462765,1.6524974018945473,2017-07-01,PIT_2017
2018,NL,PIT,PIT,Pittsburgh Pirates,161,82,79,692,693,4.0,157,-1,5.062595033026967,1.6094379124341003,2018-07-01,PIT_2018
2019,NL,PIT,PIT,Pittsburgh Pirates,162,69,93,758,911,5.18,163,-153,5.099866427824199,1.8213182714695995,2019-07-01,PIT_2019
2000,NL,SDN,SDP,San Diego Padres,162,76,86,752,815,4.52,157,-63,5.062595033026967,1.7083778602890038,2000-07-01,SDN_2000
2001,NL,SDN,SDP,San Diego Padres,162,79,83,789,812,4.52,161,-23,5.087596335232384,1.7083778602890038,2001-07-01,SDN_2001
2002,NL,SDN,SDP,San Diego Padres,162,66,96,662,815,4.62,136,-153,4.919980925828125,1.7263316639055997,2002-07-01,SDN_2002
2003,NL,SDN,SDP,San Diego Padres,162,64,98,678,831,4.87,128,-153,4.859812404361672,1.7698546338400052,2003-07-01,SDN_2003
2004,NL,SDN,SDP,San Diego Padres,162,87,75,768,705,4.03,139,63,4.941642422609304,1.6154199841116479,2004-07-01,SDN_2004
2005,NL,SDN,SDP,San Diego Padres,162,82,80,684,726,4.13,130,-42,4.875197323201151,1.6351056591826783,2005-07-01,SDN_2005
2006,NL,SDN,SDP,San Diego Padres,162,88,74,731,679,3.87,161,52,5.087596335232384,1.5830939370944985,2006-07-01,SDN_2006
2007,NL,SDN,SDP,San Diego Padres,163,89,74,741,666,3.7,171,75,5.147494476813453,1.547562508716013,2007-07-01,SDN_2007
2008,NL,SDN,SDP,San Diego Padres,162,63,99,637,764,4.41,154,-127,5.043425116919247,1.6882490928583902,2008-07-01,SDN_2008
2009,NL,SDN,SDP,San Diego Padres,162,75,87,638,769,4.37,141,-131,4.955827057601261,1.6808279085207734,2009-07-01,SDN_2009
2010,NL,SDN,SDP,San Diego Padres,162,90,72,665,581,3.39,132,84,4.890349128221754,1.4793292270870801,2010-07-01,SDN_2010
2011,NL,SDN,SDP,San Diego Padres,162,71,91,593,611,3.42,91,-18,4.5217885770490405,1.4861396960896067,2011-07-01,SDN_2011
2012,NL,SDN,SDP,San Diego Padres,162,76,86,651,710,4.01,121,-59,4.804021044733257,1.6114359150967734,2012-07-01,SDN_2012
2013,NL,SDN,SDP,San Diego Padres,162,76,86,618,700,3.98,146,-82,4.990432586778736,1.6054298910365616,2013-07-01,SDN_2013
2014,NL,SDN,SDP,San Diego Padres,162,77,85,535,577,3.27,109,-42,4.700480365792417,1.451613827240533,2014-07-01,SDN_2014
2015,NL,SDN,SDP,San Diego Padres,162,74,88,650,731,4.09,148,-81,5.003946305945459,1.6272778305624314,2015-07-01,SDN_2015
2016,NL,SDN,SDP,San Diego Padres,162,68,94,686,770,4.43,177,-84,5.181783550292085,1.691939133945844,2016-07-01,SDN_2016
2017,NL,SDN,SDP,San Diego Padres,162,71,91,604,816,4.67,189,-212,5.247024072160486,1.7351891177396608,2017-07-01,SDN_2017
2018,NL,SDN,SDP,San Diego Padres,162,66,96,617,767,4.4,162,-150,5.093750200806762,1.6863989535702288,2018-07-01,SDN_2018
2019,NL,SDN,SDP,San Diego Padres,162,70,92,682,789,4.6,219,-107,5.393627546352362,1.7227665977411035,2019-07-01,SDN_2019
2000,AL,SEA,SEA,Seattle Mariners,162,91,71,907,780,4.49,198,127,5.293304824724492,1.7029282555214393,2000-07-01,SEA_2000
2001,AL,SEA,SEA,Seattle Mariners,162,116,46,927,627,3.54,169,300,5.135798437050262,1.5129270120532565,2001-07-01,SEA_2001
2002,AL,SEA,SEA,Seattle Mariners,162,93,69,814,699,4.07,152,115,5.030437921392435,1.623340817603092,2002-07-01,SEA_2002
2003,AL,SEA,SEA,Seattle Mariners,162,93,69,795,637,3.76,139,158,4.941642422609304,1.5602476682433286,2003-07-01,SEA_2003
2004,AL,SEA,SEA,Seattle Mariners,162,63,99,698,823,4.76,136,-125,4.919980925828125,1.7509374747078,2004-07-01,SEA_2004
2005,AL,SEA,SEA,Seattle Mariners,162,69,93,699,751,4.49,130,-52,4.875197323201151,1.7029282555214393,2005-07-01,SEA_2005
2006,AL,SEA,SEA,Seattle Mariners,162,78,84,756,792,4.6,172,-36,5.153291594497779,1.7227665977411035,2006-07-01,SEA_2006
2007,AL,SEA,SEA,Seattle Mariners,162,88,74,794,813,4.73,153,-19,5.0369526024136295,1.7457155307266483,2007-07-01,SEA_2007
2008,AL,SEA,SEA,Seattle Mariners,162,61,101,671,811,4.73,124,-140,4.8283137373023015,1.7457155307266483,2008-07-01,SEA_2008
2009,AL,SEA,SEA,Seattle Mariners,162,85,77,640,692,3.87,160,-52,5.081404364984463,1.5830939370944985,2009-07-01,SEA_2009
2010,AL,SEA,SEA,Seattle Mariners,162,61,101,513,698,3.93,101,-185,4.624972813284271,1.5953389880545987,2010-07-01,SEA_2010
2011,AL,SEA,SEA,Seattle Mariners,162,67,95,556,675,3.9,109,-119,4.700480365792417,1.589235205116581,2011-07-01,SEA_2011
2012,AL,SEA,SEA,Seattle Mariners,162,75,87,619,651,3.76,149,-32,5.0106352940962555,1.5602476682433286,2012-07-01,SEA_2012
2013,AL,SEA,SEA,Seattle Mariners,162,71,91,624,754,4.31,188,-130,5.241747015059643,1.6695918352538475,2013-07-01,SEA_2013
2014,AL,SEA,SEA,Seattle Mariners,162,87,75,634,554,3.17,136,80,4.919980925828125,1.4279160358107101,2014-07-01,SEA_2014
2015,AL,SEA,SEA,Seattle Mariners,162,76,86,656,726,4.16,198,-70,5.293304824724492,1.6409365794934714,2015-07-01,SEA_2015
2016,AL,SEA,SEA,Seattle Mariners,162,86,76,768,707,4.0,223,61,5.4116460518550396,1.6094379124341003,2016-07-01,SEA_2016
2017,AL,SEA,SEA,Seattle Mariners,162,78,84,750,772,4.46,200,-22,5.303304908059076,1.6974487897568136,2017-07-01,SEA_2017
2018,AL,SEA,SEA,Seattle Mariners,162,89,73,677,711,4.13,176,-34,5.176149732573829,1.6351056591826783,2018-07-01,SEA_2018
2019,AL,SEA,SEA,Seattle Mariners,162,68,94,758,893,4.99,239,-135,5.480638923341991,1.7900914121273581,2019-07-01,SEA_2019
2000,NL,SFN,SFG,San Francisco Giants,162,97,65,925,747,4.21,226,178,5.424950017481403,1.6505798557652755,2000-07-01,SFN_2000
2001,NL,SFN,SFG,San Francisco Giants,162,90,72,799,748,4.18,235,51,5.4638318050256105,1.6448050562713916,2001-07-01,SFN_2001
2002,NL,SFN,SFG,San Francisco Giants,162,95,66,783,616,3.54,198,167,5.293304824724492,1.5129270120532565,2002-07-01,SFN_2002
2003,NL,SFN,SFG,San Francisco Giants,161,100,61,755,638,3.73,180,117,5.198497031265826,1.5539252025038417,2003-07-01,SFN_2003
2004,NL,SFN,SFG,San Francisco Giants,162,91,71,850,770,4.29,183,80,5.214935757608986,1.665818245870208,2004-07-01,SFN_2004
2005,NL,SFN,SFG,San Francisco Giants,162,75,87,649,745,4.33,128,-96,4.859812404361672,1.673351238177753,2005-07-01,SFN_2005
2006,NL,SFN,SFG,San Francisco Giants,161,76,85,746,790,4.63,163,-44,5.099866427824199,1.728109442151599,2006-07-01,SFN_2006
2007,NL,SFN,SFG,San Francisco Giants,162,71,91,683,720,4.19,131,-37,4.882801922586371,1.6467336971777973,2007-07-01,SFN_2007
2008,NL,SFN,SFG,San Francisco Giants,162,72,90,640,759,4.38,94,-119,4.553876891600541,1.682688374173693,2008-07-01,SFN_2008
2009,NL,SFN,SFG,San Francisco Giants,162,88,74,657,611,3.55,122,46,4.812184355372417,1.5151272329628591,2009-07-01,SFN_2009
2010,NL,SFN,SFG,San Francisco Giants,162,92,70,697,583,3.36,162,114,5.093750200806762,1.4724720573609429,2010-07-01,SFN_2010
2011,NL,SFN,SFG,San Francisco Giants,162,86,76,570,578,3.2,121,-8,4.804021044733257,1.4350845252893227,2011-07-01,SFN_2011
2012,NL,SFN,SFG,San Francisco Giants,162,94,68,718,649,3.68,103,69,4.6443908991413725,1.5432981099295553,2012-07-01,SFN_2012
2013,NL,SFN,SFG,San Francisco Giants,162,76,86,629,691,4.0,107,-62,4.68213122712422,1.6094379124341003,2013-07-01,SFN_2013
2014,NL,SFN,SFG,San Francisco Giants,162,88,74,665,614,3.5,132,51,4.890349128221754,1.5040773967762742,2014-07-01,SFN_2014
2015,NL,SFN,SFG,San Francisco Giants,162,84,78,696,627,3.72,136,69,4.919980925828125,1.551808799597464,2015-07-01,SFN_2015
2016,NL,SFN,SFG,San Francisco Giants,162,87,75,715,631,3.65,130,84,4.875197323201151,1.536867219599265,2016-07-01,SFN_2016
2017,NL,SFN,SFG,San Francisco Giants,162,64,98,639,776,4.5,128,-137,4.859812404361672,1.7047480922384253,2017-07-01,SFN_2017
2018,NL,SFN,SFG,San Francisco Giants,162,73,89,603,699,3.95,133,-96,4.897839799950911,1.599387576580599,2018-07-01,SFN_2018
2019,NL,SFN,SFG,San Francisco Giants,162,77,85,678,773,4.38,167,-95,5.123963979403259,1.682688374173693,2019-07-01,SFN_2019
2000,NL,SLN,STL,St. Louis Cardinals,162,95,67,887,771,4.38,235,116,5.4638318050256105,1.682688374173693,2000-07-01,SLN_2000
2001,NL,SLN,STL,St. Louis Cardinals,162,93,69,814,684,3.93,199,130,5.298317366548036,1.5953389880545987,2001-07-01,SLN_2001
2002,NL,SLN,STL,St. Louis Cardinals,162,97,65,787,648,3.7,175,139,5.170483995038151,1.547562508716013,2002-07-01,SLN_2002
2003,NL,SLN,STL,St. Louis Cardinals,162,85,77,876,796,4.6,196,80,5.2832037287379885,1.7227665977411035,2003-07-01,SLN_2003
2004,NL,SLN,STL,St. Louis Cardinals,162,105,57,855,659,3.75,214,196,5.3706380281276624,1.55814461804655,2004-07-01,SLN_2004
2005,NL,SLN,STL,St. Louis Cardinals,162,100,62,805,634,3.49,170,171,5.14166355650266,1.501852701754163,2005-07-01,SLN_2005
2006,NL,SLN,STL,St. Louis Cardinals,161,83,78,781,762,4.54,184,19,5.220355825078324,1.7119945007591924,2006-07-01,SLN_2006
2007,NL,SLN,STL,St. Louis Cardinals,162,78,84,725,829,4.65,141,-104,4.955827057601261,1.7316555451583497,2007-07-01,SLN_2007
2008,NL,SLN,STL,St. Louis Cardinals,162,86,76,779,725,4.19,174,54,5.1647859739235145,1.6467336971777973,2008-07-01,SLN_2008
2009,NL,SLN,STL,St. Louis Cardinals,162,91,71,730,640,3.66,160,90,5.081404364984463,1.5390154481375546,2009-07-01,SLN_2009
2010,NL,SLN,STL,St. Louis Cardinals,162,86,76,736,641,3.57,150,95,5.017279836814924,1.5195132049061133,2010-07-01,SLN_2010
2011,NL,SLN,STL,St. Louis Cardinals,162,90,72,762,692,3.74,162,70,5.093750200806762,1.556037135706985,2011-07-01,SLN_2011
2012,NL,SLN,STL,St. Louis Cardinals,162,88,74,765,648,3.71,159,117,5.075173815233827,1.5496879080283263,2012-07-01,SLN_2012
2013,NL,SLN,STL,St. Louis Cardinals,162,97,65,783,596,3.42,125,187,4.836281906951478,1.4861396960896067,2013-07-01,SLN_2013
2014,NL,SLN,STL,St. Louis Cardinals,162,90,72,619,603,3.5,105,16,4.663439094112067,1.5040773967762742,2014-07-01,SLN_2014
2015,NL,SLN,STL,St. Louis Cardinals,162,100,62,647,525,2.94,137,122,4.927253685157205,1.3711807233098425,2015-07-01,SLN_2015
2016,NL,SLN,STL,St. Louis Cardinals,162,86,76,779,712,4.08,225,67,5.420534999272286,1.6253112615903906,2016-07-01,SLN_2016
2017,NL,SLN,STL,St. Louis Cardinals,162,83,79,761,705,4.01,196,56,5.2832037287379885,1.6114359150967734,2017-07-01,SLN_2017
2018,NL,SLN,STL,St. Louis Cardinals,162,88,74,759,691,3.85,205,68,5.327876168789581,1.5789787049493917,2018-07-01,SLN_2018
2019,NL,SLN,STL,St. Louis Cardinals,162,91,71,764,662,3.8,210,102,5.351858133476067,1.5686159179138452,2019-07-01,SLN_2019
2000,AL,TBA,TBD,Tampa Bay Devil Rays,161,69,92,733,842,4.86,162,-109,5.093750200806762,1.7681496035889213,2000-07-01,TBA_2000
2001,AL,TBA,TBD,Tampa Bay Devil Rays,162,62,100,672,887,4.94,121,-215,4.804021044733257,1.7817091333745536,2001-07-01,TBA_2001
2002,AL,TBA,TBD,Tampa Bay Devil Rays,161,55,106,673,918,5.29,133,-245,4.897839799950911,1.8389610707123492,2002-07-01,TBA_2002
2003,AL,TBA,TBD,Tampa Bay Devil Rays,162,63,99,715,852,4.93,137,-137,4.927253685157205,1.780024213009634,2003-07-01,TBA_2003
2004,AL,TBA,TBD,Tampa Bay Devil Rays,161,70,91,714,842,4.81,145,-128,4.983606621708336,1.7595805708638197,2004-07-01,TBA_2004
2005,AL,TBA,TBD,Tampa Bay Devil Rays,162,67,95,750,936,5.39,157,-186,5.062595033026967,1.8547342683894434,2005-07-01,TBA_2005
2006,AL,TBA,TBD,Tampa Bay Devil Rays,162,61,101,689,856,4.96,190,-167,5.25227342804663,1.7850704810772584,2006-07-01,TBA_2006
2007,AL,TBA,TBD,Tampa Bay Devil Rays,162,66,96,782,944,5.53,187,-162,5.236441962829949,1.8764069432883397,2007-07-01,TBA_2007
2008,AL,TBA,TBD,Tampa Bay Rays,162,97,65,774,671,3.82,180,103,5.198497031265826,1.572773928062509,2008-07-01,TBA_2008
2009,AL,TBA,TBD,Tampa Bay Rays,162,84,78,803,754,4.33,199,49,5.298317366548036,1.673351238177753,2009-07-01,TBA_2009
2010,AL,TBA,TBD,Tampa Bay Rays,162,96,66,802,649,3.78,160,153,5.081404364984463,1.5644405465033644,2010-07-01,TBA_2010
2011,AL,TBA,TBD,Tampa Bay Rays,162,91,71,707,614,3.58,172,93,5.153291594497779,1.5216989981260935,2011-07-01,TBA_2011
2012,AL,TBA,TBD,Tampa Bay Rays,162,90,72,697,577,3.19,175,120,5.170483995038151,1.4327007339340463,2012-07-01,TBA_2012
2013,AL,TBA,TBD,Tampa Bay Rays,163,92,71,700,646,3.74,165,54,5.111987788356544,1.556037135706985,2013-07-01,TBA_2013
2014,AL,TBA,TBD,Tampa Bay Rays,162,77,85,612,625,3.56,117,-13,4.770684624465665,1.5173226235262949,2014-07-01,TBA_2014
2015,AL,TBA,TBD,Tampa Bay Rays,162,80,82,644,642,3.74,167,2,5.123963979403259,1.556037135706985,2015-07-01,TBA_2015
2016,AL,TBA,TBD,Tampa Bay Rays,162,68,94,672,713,4.2,216,-41,5.37989735354046,1.6486586255873816,2016-07-01,TBA_2016
2017,AL,TBA,TBD,Tampa Bay Rays,162,80,82,694,704,3.97,228,-10,5.43372200355424,1.6034198401085376,2017-07-01,TBA_2017
2018,AL,TBA,TBD,Tampa Bay Rays,162,90,72,716,646,3.74,150,70,5.017279836814924,1.556037135706985,2018-07-01,TBA_2018
2019,AL,TBA,TBD,Tampa Bay Rays,162,96,66,769,656,3.65,217,113,5.384495062789089,1.536867219599265,2019-07-01,TBA_2019
2000,AL,TEX,TEX,Texas Rangers,162,71,91,848,974,5.52,173,-126,5.159055299214529,1.8748743759385615,2000-07-01,TEX_2000
2001,AL,TEX,TEX,Texas Rangers,162,73,89,890,968,5.71,246,-78,5.5093883366279774,1.9035989509835904,2001-07-01,TEX_2001
2002,AL,TEX,TEX,Texas Rangers,162,72,90,843,882,5.15,230,-39,5.442417710521793,1.8164520818184267,2002-07-01,TEX_2002
2003,AL,TEX,TEX,Texas Rangers,162,71,91,826,969,5.67,239,-143,5.480638923341991,1.8976198599275322,2003-07-01,TEX_2003
2004,AL,TEX,TEX,Texas Rangers,162,89,73,860,794,4.53,227,66,5.429345628954441,1.7101878155342434,2004-07-01,TEX_2004
2005,AL,TEX,TEX,Texas Rangers,162,79,83,865,858,4.96,260,7,5.564520407322694,1.7850704810772584,2005-07-01,TEX_2005
2006,AL,TEX,TEX,Texas Rangers,162,80,82,835,784,4.6,183,51,5.214935757608986,1.7227665977411035,2006-07-01,TEX_2006
2007,AL,TEX,TEX,Texas Rangers,162,75,87,816,844,4.75,179,-28,5.19295685089021,1.749199854809259,2007-07-01,TEX_2007
2008,AL,TEX,TEX,Texas Rangers,162,79,83,901,967,5.37,194,-66,5.272999558563747,1.851599469584072,2008-07-01,TEX_2008
2009,AL,TEX,TEX,Texas Rangers,162,87,75,784,740,4.38,224,44,5.41610040220442,1.682688374173693,2009-07-01,TEX_2009
2010,AL,TEX,TEX,Texas Rangers,162,90,72,787,687,3.93,162,100,5.093750200806762,1.5953389880545987,2010-07-01,TEX_2010
2011,AL,TEX,TEX,Texas Rangers,162,96,66,855,677,3.79,210,178,5.351858133476067,1.5665304114228238,2011-07-01,TEX_2011
2012,AL,TEX,TEX,Texas Rangers,162,93,69,808,707,3.99,200,101,5.303304908059076,1.6074359097634274,2012-07-01,TEX_2012
2013,AL,TEX,TEX,Texas Rangers,163,91,72,730,636,3.62,176,94,5.176149732573829,1.5303947050936475,2013-07-01,TEX_2013
2014,AL,TEX,TEX,Texas Rangers,162,67,95,637,773,4.49,111,-136,4.718498871295094,1.7029282555214393,2014-07-01,TEX_2014
2015,AL,TEX,TEX,Texas Rangers,162,88,74,751,733,4.24,172,18,5.153291594497779,1.6563214983329508,2015-07-01,TEX_2015
2016,AL,TEX,TEX,Texas Rangers,162,95,67,765,757,4.37,215,8,5.375278407684165,1.6808279085207734,2016-07-01,TEX_2016
2017,AL,TEX,TEX,Texas Rangers,162,78,84,799,816,4.66,237,-17,5.472270673671475,1.7334238922150915,2017-07-01,TEX_2017
2018,AL,TEX,TEX,Texas Rangers,162,67,95,737,848,4.92,194,-111,5.272999558563747,1.7783364488959144,2018-07-01,TEX_2018
2019,AL,TEX,TEX,Texas Rangers,162,78,84,810,878,5.06,223,-68,5.4116460518550396,1.801709800081223,2019-07-01,TEX_2019
2000,AL,TOR,TOR,Toronto Blue Jays,162,83,79,861,908,5.14,244,-47,5.501258210544727,1.814824742159051,2000-07-01,TOR_2000
2001,AL,TOR,TOR,Toronto Blue Jays,162,80,82,767,753,4.28,195,14,5.278114659230517,1.6639260977181702,2001-07-01,TOR_2001
2002,AL,TOR,TOR,Toronto Blue Jays,162,78,84,813,828,4.8,187,-15,5.236441962829949,1.7578579175523736,2002-07-01,TOR_2002
2003,AL,TOR,TOR,Toronto Blue Jays,162,86,76,894,826,4.69,190,68,5.25227342804663,1.7387102481382397,2003-07-01,TOR_2003
2004,AL,TOR,TOR,Toronto Blue Jays,161,67,94,719,823,4.91,145,-104,4.983606621708336,1.776645831418007,2004-07-01,TOR_2004
2005,AL,TOR,TOR,Toronto Blue Jays,162,80,82,775,705,4.06,136,70,4.919980925828125,1.6213664832993742,2005-07-01,TOR_2005
2006,AL,TOR,TOR,Toronto Blue Jays,162,87,75,809,754,4.37,199,55,5.298317366548036,1.6808279085207734,2006-07-01,TOR_2006
2007,AL,TOR,TOR,Toronto Blue Jays,162,83,79,753,699,4.0,165,54,5.111987788356544,1.6094379124341003,2007-07-01,TOR_2007
2008,AL,TOR,TOR,Toronto Blue Jays,162,86,76,714,610,3.49,126,104,4.844187086458591,1.501852701754163,2008-07-01,TOR_2008
2009,AL,TOR,TOR,Toronto Blue Jays,162,75,87,798,771,4.47,209,27,5.3471075307174685,1.6992786164338898,2009-07-01,TOR_2009
2010,AL,TOR,TOR,Toronto Blue Jays,162,85,77,755,728,4.22,257,27,5.552959584921617,1.6524974018945473,2010-07-01,TOR_2010
2011,AL,TOR,TOR,Toronto Blue Jays,162,81,81,743,761,4.32,186,-18,5.231108616854587,1.6714733033535532,2011-07-01,TOR_2011
2012,AL,TOR,TOR,Toronto Blue Jays,162,73,89,716,784,4.64,198,-68,5.293304824724492,1.7298840655099674,2012-07-01,TOR_2012
2013,AL,TOR,TOR,Toronto Blue Jays,162,74,88,712,756,4.25,185,-44,5.225746673713202,1.6582280766035324,2013-07-01,TOR_2013
2014,AL,TOR,TOR,Toronto Blue Jays,162,83,79,723,686,4.0,177,37,5.181783550292085,1.6094379124341003,2014-07-01,TOR_2014
2015,AL,TOR,TOR,Toronto Blue Jays,162,93,69,891,670,3.8,232,221,5.4510384535657,1.5686159179138452,2015-07-01,TOR_2015
2016,AL,TOR,TOR,Toronto Blue Jays,162,89,73,759,666,3.78,221,93,5.402677381872279,1.5644405465033644,2016-07-01,TOR_2016
2017,AL,TOR,TOR,Toronto Blue Jays,162,76,86,693,784,4.42,222,-91,5.407171771460119,1.6900958154515549,2017-07-01,TOR_2017
2018,AL,TOR,TOR,Toronto Blue Jays,162,73,89,709,832,4.85,217,-123,5.384495062789089,1.766441661243765,2018-07-01,TOR_2018
2019,AL,TOR,TOR,Toronto Blue Jays,162,67,95,726,828,4.79,247,-102,5.5134287461649825,1.7561322915849038,2019-07-01,TOR_2019
2000,NL,MON,WSN,Montreal Expos,162,67,95,738,902,5.13,178,-164,5.187385805840755,1.81319474994812,2000-07-01,MON_2000
2001,NL,MON,WSN,Montreal Expos,162,68,94,670,812,4.68,131,-142,4.882801922586371,1.7369512327330598,2001-07-01,MON_2001
2002,NL,MON,WSN,Montreal Expos,162,83,79,735,718,3.97,162,17,5.093750200806762,1.6034198401085376,2002-07-01,MON_2002
2003,NL,MON,WSN,Montreal Expos,162,83,79,711,716,4.01,144,-5,4.976733742420574,1.6114359150967734,2003-07-01,MON_2003
2004,NL,MON,WSN,Montreal Expos,162,67,95,635,769,4.33,151,-134,5.0238805208462765,1.673351238177753,2004-07-01,MON_2004
2005,NL,WAS,WSN,Washington Nationals,162,81,81,639,673,3.87,117,-34,4.770684624465665,1.5830939370944985,2005-07-01,WAS_2005
2006,NL,WAS,WSN,Washington Nationals,162,71,91,746,872,5.03,164,-126,5.10594547390058,1.7967470107390942,2006-07-01,WAS_2006
2007,NL,WAS,WSN,Washington Nationals,162,73,89,673,783,4.58,123,-110,4.820281565605037,1.7191887763932197,2007-07-01,WAS_2007
2008,NL,WAS,WSN,Washington Nationals,161,59,102,641,825,4.66,117,-184,4.770684624465665,1.7334238922150915,2008-07-01,WAS_2008
2009,NL,WAS,WSN,Washington Nationals,162,59,103,710,874,5.0,156,-164,5.056245805348308,1.791759469228055,2009-07-01,WAS_2009
2010,NL,WAS,WSN,Washington Nationals,162,69,93,655,742,4.13,149,-87,5.0106352940962555,1.6351056591826783,2010-07-01,WAS_2010
2011,NL,WAS,WSN,Washington Nationals,161,80,81,624,643,3.58,154,-19,5.043425116919247,1.5216989981260935,2011-07-01,WAS_2011
2012,NL,WAS,WSN,Washington Nationals,162,98,64,731,594,3.33,194,137,5.272999558563747,1.4655675420143985,2012-07-01,WAS_2012
2013,NL,WAS,WSN,Washington Nationals,162,86,76,656,626,3.59,161,30,5.087596335232384,1.5238800240724537,2013-07-01,WAS_2013
2014,NL,WAS,WSN,Washington Nationals,162,96,66,686,555,3.03,152,131,5.030437921392435,1.3937663759585914,2014-07-01,WAS_2014
2015,NL,WAS,WSN,Washington Nationals,162,83,79,703,635,3.62,177,68,5.181783550292085,1.5303947050936475,2015-07-01,WAS_2015
2016,NL,WAS,WSN,Washington Nationals,162,95,67,763,612,3.51,203,151,5.318119993844216,1.506297153514587,2016-07-01,WAS_2016
2017,NL,WAS,WSN,Washington Nationals,162,97,65,819,672,3.88,215,147,5.375278407684165,1.5851452198650557,2017-07-01,WAS_2017
2018,NL,WAS,WSN,Washington Nationals,162,82,80,771,682,4.04,191,89,5.2574953720277815,1.6174060820832772,2018-07-01,WAS_2018
2019,NL,WAS,WSN,Washington Nationals,162,93,69,873,724,4.27,231,149,5.44673737166631,1.6620303625532709,2019-07-01,WAS_2019
